,_runtime,Test/Loss,Train/Acc,Train/Loss,_timestamp,_step,Test/Acc
0,18.354547262191772,4.164133796448349,0.03934856047901141,4.031538603181715,1687273308.9852293,0,0.016263440860215053
1,21.00258708000183,4.238900884665469,0.05441120207453319,3.8924455309435486,1687273311.633269,1,0.016599462365591396
2,23.749054670333862,4.263249505431421,0.05445932102378208,3.8223927647411466,1687273314.3797367,2,0.016129032258064516
3,26.639800786972046,4.315065560962564,0.05665862081605316,3.811990845639234,1687273317.2704828,3,0.016129032258064516
4,29.320722579956055,4.3410884773218505,0.03621818566053977,3.8130634559889756,1687273319.9514046,4,0.016129032258064516
5,32.127070903778076,4.380337554761159,0.051276121848691236,3.751065079556008,1687273322.757753,5,0.016129032258064516
6,34.86580562591553,4.3587611035634115,0.047400282339038834,3.7666522521968906,1687273325.4964876,6,0.022379032258064518
7,37.774243116378784,4.410789732010134,0.0568268043572502,3.7304649415417885,1687273328.404925,7,0.016196236559139786
8,40.25409173965454,4.484546849323857,0.06013024681678223,3.718398736691497,1687273330.8847737,8,0.016129032258064516
9,42.91876769065857,4.426365173792326,0.0452287203010862,3.7247135570167442,1687273333.5494497,9,0.019623655913978494
10,45.58253526687622,4.3839831699927645,0.0562236824095204,3.737118341027535,1687273336.2132173,10,0.029233870967741934
11,48.078749656677246,4.534552535062195,0.06076036594957969,3.6144475343205036,1687273338.7094316,11,0.01646505376344086
12,50.841166734695435,4.433686364882735,0.057847679130093387,3.572289701899514,1687273341.4718487,12,0.028024193548387095
13,53.25038385391235,4.482274002285414,0.06294911031158451,3.6183065214712635,1687273343.8810658,13,0.016129032258064516
14,55.90385890007019,4.397895048062007,0.05682823033161312,3.690958688030878,1687273346.534541,14,0.016129032258064516
15,58.49575161933899,4.451672454514811,0.05164711781110289,3.6690281598975716,1687273349.1264336,15,0.020026881720430108
16,61.32350754737854,4.440052249258565,0.057272540023727225,3.690487228053004,1687273351.9541895,16,0.016129032258064516
17,63.924819469451904,4.434548372542986,0.0667829935473866,3.661467981851261,1687273354.5555015,17,0.016129032258064516
18,66.5647931098938,4.501139217006263,0.060972764432993876,3.6642177303046055,1687273357.195475,18,0.016129032258064516
19,69.207772731781,4.503743751395133,0.06616150546083559,3.660179760732846,1687273359.8384547,19,0.01646505376344086
20,71.77600884437561,4.421431259282174,0.06940404508807776,3.7032133948265935,1687273362.4066908,20,0.016129032258064516
21,74.39559006690979,4.528908313121847,0.05975877896924533,3.5875118998432916,1687273365.026272,21,0.016129032258064516
22,77.24327850341797,4.3949761124708315,0.057141976653581714,3.7123456456096617,1687273367.8739605,22,0.02950268817204301
23,79.68022990226746,4.479453845209973,0.06640806780911152,3.569017269469659,1687273370.310912,23,0.016129032258064516
24,82.39378833770752,4.532739455020556,0.05404634247764985,3.64957115896332,1687273373.0244703,24,0.030846774193548386
25,84.87680697441101,4.54973314430124,0.07408934152321842,3.5403263642408525,1687273375.507489,25,0.022244623655913977
26,87.38983225822449,4.521447288733657,0.07331140789740892,3.507462855409333,1687273378.0205142,26,0.025
27,89.96589469909668,4.529923218072102,0.06754134856199594,3.5750608704638553,1687273380.5965767,27,0.016129032258064516
28,92.57662057876587,4.422444080633502,0.0495899347296069,3.744911214351093,1687273383.2073026,28,0.016129032258064516
29,95.22229933738708,4.55018738761384,0.06820077768367663,3.6249715718440427,1687273385.8529813,29,0.016330645161290323
30,97.7795422077179,4.518326347072919,0.08997468708196836,3.5548009960318354,1687273388.4102242,30,0.04059139784946236
31,100.3880467414856,4.520124260296104,0.05676777595482172,3.5831635276388014,1687273391.0187287,31,0.0383736559139785
32,103.28986430168152,4.43776217199141,0.06282439474442149,3.6494171724252906,1687273393.9205463,32,0.016196236559139786
33,106.12769985198975,4.4041747447624005,0.06852814539533204,3.6803153520540794,1687273396.7583818,33,0.0551747311827957
34,109.03469204902649,4.452219382409127,0.06340317161851829,3.684767603174709,1687273399.665374,34,0.049260752688172045
35,111.69448828697205,4.470531400493396,0.072296512129318,3.6052998442098243,1687273402.3251703,35,0.018548387096774192
36,114.27016997337341,4.394320817243669,0.07219337390554108,3.5716519866581584,1687273404.900852,36,0.024798387096774194
37,116.89118432998657,4.494331568639765,0.07837723657833666,3.5380707326126535,1687273407.5218663,37,0.03924731182795699
38,119.36755514144897,4.571742583346623,0.08392342984990324,3.476205565937066,1687273409.9982371,38,0.038306451612903226
39,121.9540605545044,4.514450819261612,0.07713538266107071,3.490329315249648,1687273412.5847425,39,0.020833333333333332
40,124.70235538482666,4.444231740569555,0.07626439349018375,3.580199749700938,1687273415.3330374,40,0.05423387096774194
41,127.378014087677,4.472050908271984,0.07953262618331254,3.5505137931490913,1687273418.008696,41,0.04375
42,130.02783489227295,4.503624403348533,0.07501096788529424,3.5475111347191364,1687273420.658517,42,0.059408602150537636
43,132.47887063026428,4.570173866806492,0.08775910148755098,3.507595178485544,1687273423.1095526,43,0.047311827956989246
44,135.18664240837097,4.518071888275044,0.09582410407627684,3.4701108436155765,1687273425.8173244,44,0.049193548387096775
45,138.01225543022156,4.329475619459665,0.08491542756537782,3.507203040112278,1687273428.6429374,45,0.05994623655913978
46,140.6990203857422,4.345702991210004,0.09052020525905113,3.604916117453262,1687273431.3297024,46,0.07043010752688172
47,143.14715695381165,4.557962317460326,0.09972226728084377,3.474609423110033,1687273433.777839,47,0.0844758064516129
48,146.10134148597717,4.3734269776651935,0.08532234111435043,3.5273539010250383,1687273436.7320235,48,0.07748655913978494
49,148.73745965957642,4.477374090142147,0.1124669952528053,3.521685452402617,1687273439.3681417,49,0.07069892473118279
50,151.520281791687,4.471619517892919,0.10693433296285873,3.417825614868959,1687273442.1509638,50,0.06451612903225806
51,154.21566939353943,4.390898842965403,0.10241381051441682,3.5429069164249265,1687273444.8463514,51,0.05504032258064516
52,157.1119349002838,4.377339619462208,0.10929321494079584,3.5566500443382667,1687273447.742617,52,0.07110215053763441
53,159.8005952835083,4.423145966664437,0.12484201624260494,3.4763692928500958,1687273450.4312773,53,0.06081989247311828
54,162.44684481620789,4.394757529420238,0.12223038798027905,3.431400379406604,1687273453.0775268,54,0.07661290322580645
55,165.15784215927124,4.373222927572907,0.12953675895435368,3.399829715272529,1687273455.7885242,55,0.09247311827956989
56,167.77717566490173,4.389805239695375,0.13587391789737552,3.4396865455875743,1687273458.4078577,56,0.09213709677419354
57,170.46495652198792,4.393452350811292,0.15376784174073083,3.4240436688915024,1687273461.0956385,57,0.06391129032258064
58,173.06667256355286,4.315607557533889,0.1420506436198079,3.423031613643121,1687273463.6973546,58,0.0918010752688172
59,175.84792828559875,4.3310391720264185,0.15363612147059563,3.404565456338446,1687273466.4786103,59,0.09334677419354839
60,178.5482292175293,4.382975263781445,0.1918261901050099,3.306262604017354,1687273469.1789112,60,0.09563172043010752
61,181.3157365322113,4.333160609968247,0.181001661046668,3.3678315952700046,1687273471.9464185,61,0.09818548387096775
62,183.92923521995544,4.268100087681124,0.19604715030181283,3.3376426286124277,1687273474.5599172,62,0.08219086021505376
63,186.4457483291626,4.332740488872733,0.215523189716059,3.242694741361947,1687273477.0764303,63,0.10141129032258064
64,189.2303433418274,4.213510014837788,0.1995671513651062,3.298565417491292,1687273479.8610253,64,0.11370967741935484
65,191.78154516220093,4.246184271670157,0.27467256232867265,3.1386834498464458,1687273482.4122272,65,0.10443548387096774
66,194.2315628528595,4.172309980116864,0.26246937678910387,3.1276196804474226,1687273484.8622448,66,0.09838709677419355
67,196.80559134483337,4.114081053964553,0.2642526892444737,3.166089624625638,1687273487.4362733,67,0.10524193548387097
68,199.43294835090637,4.171943277601273,0.2409914606223289,3.1684476918270277,1687273490.0636303,68,0.11317204301075269
69,202.15720129013062,4.099984892273462,0.23712921189258757,3.1383762536916886,1687273492.7878833,69,0.11875
70,204.71622920036316,4.212407503076779,0.29283760444439133,2.975502718048297,1687273495.3469112,70,0.1159274193548387
71,207.34225225448608,4.153936802379547,0.3103753423022123,2.920406591413397,1687273497.9729342,71,0.12056451612903225
72,210.0655279159546,4.0286019604693175,0.2587683522502127,3.093042053692991,1687273500.69621,72,0.12950268817204302
73,212.62826991081238,4.077666689151076,0.34420604655352394,2.944332934933145,1687273503.258952,73,0.12782258064516128
74,215.26949644088745,4.09593201388595,0.31969801098629563,2.833873288103203,1687273505.9001784,74,0.1260752688172043
75,217.80047869682312,4.114711880363444,0.3801920522091289,2.673891638517505,1687273508.4311607,75,0.13010752688172042
76,220.44090723991394,3.965279472931739,0.38668612471418146,2.725673358800866,1687273511.0715892,76,0.13823924731182796
77,223.00321865081787,4.060823019153329,0.42619289154570195,2.6494798832622632,1687273513.6339006,77,0.13588709677419356
78,225.66659903526306,4.0456526768143455,0.3756972232923866,2.689387280777197,1687273516.297281,78,0.1424059139784946
79,228.3152928352356,3.9561511808505623,0.42275440226255007,2.5991911072733838,1687273518.9459748,79,0.14112903225806453
80,230.7946753501892,3.9980844039750356,0.41291344907736544,2.7008703846472875,1687273521.4253573,80,0.13286290322580646
81,233.53976368904114,3.8705010543907843,0.36662817031854916,2.664430108735772,1687273524.1704457,81,0.15611559139784947
82,236.07113242149353,3.923085708611755,0.4096235569674674,2.6011497520074442,1687273526.7018144,82,0.1446236559139785
83,238.62421488761902,3.9465414558046605,0.4565197539617739,2.4625653630888786,1687273529.2548969,83,0.15255376344086022
84,241.38897252082825,3.8247059162265513,0.37041649703504975,2.6237549300376855,1687273532.0196545,84,0.167002688172043
85,243.98581290245056,3.8187626968788844,0.4192456006217081,2.526756707410594,1687273534.616495,85,0.16438172043010751
86,246.50530290603638,3.8414031624473552,0.46211359929045237,2.4221633766969144,1687273537.135985,86,0.16498655913978494
87,249.00394296646118,3.7698168619986503,0.3513923610002581,2.7414757319929155,1687273539.634625,87,0.1721774193548387
88,251.68582940101624,3.8012828802870167,0.4643943699318041,2.331210151251855,1687273542.3165114,88,0.1717741935483871
89,254.26917958259583,3.7193244297498014,0.4139098032531116,2.5017513239199234,1687273544.8998616,89,0.17452956989247312
90,256.9194369316101,3.6937480546453947,0.4431222670116511,2.3823530499090753,1687273547.550119,90,0.18299731182795698
91,259.4119896888733,3.665548504600602,0.4667989674861621,2.3403920784615955,1687273550.0426717,91,0.18541666666666667
92,262.07057547569275,3.7381849464389587,0.47098874824127257,2.352369479370058,1687273552.7012575,92,0.19005376344086022
93,264.8162977695465,3.6165274731734747,0.47532078337866057,2.2742174251032936,1687273555.4469798,93,0.19650537634408602
94,267.4133107662201,3.673001850885089,0.4603820837357966,2.27288617194172,1687273558.0439928,94,0.1989247311827957
95,270.20717906951904,3.491918864750093,0.4675283969032389,2.233989131979046,1687273560.837861,95,0.23010752688172043
96,272.8105733394623,3.555060108903275,0.506078269426758,2.1922733168303443,1687273563.4412553,96,0.21115591397849462
97,275.3826062679291,3.486652451176797,0.49817590983324933,2.1864782409493917,1687273566.0132883,97,0.2125
98,278.000150680542,3.4832516045019193,0.5108593081072358,2.1487466810566493,1687273568.6308327,98,0.2219758064516129
99,280.5482234954834,3.497330438545955,0.47915246079282026,2.2152595545331613,1687273571.1789055,99,0.2148521505376344
100,283.12947392463684,3.390000492254252,0.5425792407347222,1.9821212017147096,1687273573.760156,100,0.2422715053763441
101,285.75353503227234,3.3488581844715664,0.516077976356468,2.1138465593688363,1687273576.384217,101,0.23655913978494625
102,288.2618772983551,3.3449803489030048,0.5132467870356836,2.1316853903091677,1687273578.8925593,102,0.22815860215053763
103,290.8539459705353,3.3716960526922697,0.5597933919436644,1.9282827380895942,1687273581.484628,103,0.2288306451612903
104,293.470591545105,3.2621063906499135,0.5404918657996874,1.971151131169945,1687273584.1012735,104,0.25026881720430105
105,296.08473229408264,3.313068668047587,0.5959358275206454,1.8270266161209414,1687273586.7154143,105,0.2461021505376344
106,298.6979055404663,3.209962724037068,0.5575248223787341,1.967709692546022,1687273589.3285875,106,0.24825268817204302
107,301.297155380249,3.218614701622276,0.5413160157517736,1.9757932524539217,1687273591.9278374,107,0.24455645161290324
108,303.6441011428833,3.21308949838082,0.5531403253252425,1.894049005559495,1687273594.2747831,108,0.2368279569892473
109,306.3713183403015,3.1583748113724495,0.5720826577230251,1.7956965197277963,1687273597.0020003,109,0.265255376344086
110,308.95354318618774,3.1687801322469147,0.5195739176121374,2.0764364327843015,1687273599.5842252,110,0.24630376344086022
111,311.6241202354431,3.1422783298197614,0.5514524690475257,1.9271712866862127,1687273602.2548022,111,0.26243279569892475
112,314.3701093196869,3.0917679313770545,0.5463173834164452,1.8792234143268245,1687273605.0007913,112,0.27741935483870966
113,317.0434331893921,3.0700411941575747,0.531989511048858,1.9339144500313936,1687273607.6741152,113,0.27775537634408604
114,319.795702457428,2.981355033494452,0.5441071166100377,1.9559416114830168,1687273610.4263844,114,0.28151881720430105
115,322.43862223625183,2.9305877449211253,0.5069387935086718,2.1005388512900893,1687273613.0693042,115,0.2856182795698925
116,325.4812214374542,3.011508021063061,0.5418791992342712,1.9030342834097822,1687273616.1119034,116,0.28608870967741934
117,328.14643716812134,2.9239128706676345,0.5787612421436138,1.7625960730056591,1687273618.7771192,117,0.2911290322580645
118,330.93496227264404,2.9438167813644616,0.5529256086356413,1.8001984875352268,1687273621.5656443,118,0.3012768817204301
119,333.5926420688629,2.8883726074490497,0.5843761053893447,1.7839465219020547,1687273624.223324,119,0.28911290322580646
120,336.21161460876465,2.8263163621867857,0.6039302679102061,1.7046432112137158,1687273626.8422966,120,0.2928091397849462
121,339.046053647995,2.8287138007180666,0.5763230542315158,1.713831078987693,1687273629.6767356,121,0.3118279569892473
122,341.88104462623596,2.768828659208231,0.6019839830140337,1.64749175352986,1687273632.5117266,122,0.3162634408602151
123,344.45325899124146,2.759796816895726,0.6096664022227715,1.6265493757489562,1687273635.083941,123,0.3008736559139785
124,347.11184072494507,2.8135560483381314,0.5838466882677598,1.779495378490958,1687273637.7425227,124,0.30073924731182794
125,349.7497854232788,2.763131683952706,0.580698342438206,1.6891527458653477,1687273640.3804674,125,0.3139784946236559
126,352.5401520729065,2.6986914749747966,0.6383037508100525,1.5304805654719675,1687273643.170834,126,0.31814516129032255
127,355.00505566596985,2.7415451163886697,0.5507323111597306,1.7916949899327854,1687273645.6357377,127,0.30134408602150536
128,357.62536668777466,2.606700730500042,0.5477737707984198,1.8529330267674002,1687273648.2560487,128,0.33259408602150536
129,360.21023869514465,2.7000398026999606,0.620346635253033,1.5978214154896109,1687273650.8409207,129,0.31256720430107526
130,362.9893488883972,2.6393824179646788,0.5682043144671104,1.6973475615351685,1687273653.6200309,130,0.3284274193548387
131,365.64523458480835,2.617109736447693,0.5605375767745218,1.7901444697240465,1687273656.2759166,131,0.3353494623655914
132,368.2780349254608,2.6058625831639253,0.5879959358553559,1.7087202703194495,1687273658.908717,132,0.3309139784946237
133,370.8595435619354,2.6004309283309084,0.5828668501654539,1.6557507742613524,1687273661.4902256,133,0.3255376344086022
134,373.5407943725586,2.5274391909760814,0.5403509472781346,1.884275154176604,1687273664.1714764,134,0.3512768817204301
135,376.1285209655762,2.522205146089677,0.6068854619641357,1.559623489447272,1687273666.759203,135,0.3528225806451613
136,378.6348788738251,2.5792303856822754,0.5844501896084747,1.6775273412874276,1687273669.2655609,136,0.327755376344086
137,381.2684214115143,2.5309646965995913,0.5923259744444372,1.6576441981761842,1687273671.8991034,137,0.34254032258064515
138,383.93387961387634,2.513385196967471,0.6067231635880098,1.5451903577935806,1687273674.5645616,138,0.3401209677419355
139,386.7143952846527,2.50017116839687,0.6084610416703695,1.5689168947703116,1687273677.3450773,139,0.3528225806451613
140,389.44457960128784,2.4674735944918407,0.6130730583424838,1.552267982611263,1687273680.0752616,140,0.35551075268817206
141,392.0058043003082,2.450441241104116,0.6047245198285724,1.584701549335833,1687273682.6364863,141,0.3602150537634409
142,394.5426301956177,2.417374843110641,0.5999131057927686,1.6541280569248982,1687273685.1733122,142,0.3594758064516129
143,397.10489773750305,2.42951095008081,0.6508392741450801,1.4185836063760542,1687273687.7355797,143,0.3518817204301075
144,399.6265301704407,2.402138091303328,0.6011664725391086,1.6498374154172726,1687273690.2572122,144,0.35080645161290325
145,402.4504053592682,2.330682702803163,0.6162221592678088,1.5278822865553117,1687273693.0810874,145,0.38125
146,405.08545994758606,2.3814853855598996,0.6270684677639071,1.47989906144728,1687273695.716142,146,0.37526881720430105
147,407.91135025024414,2.362833033205681,0.6595890634872708,1.3481482872924357,1687273698.5420322,147,0.3745295698924731
148,410.58204340934753,2.306814981924911,0.6111196537650184,1.5731820365221594,1687273701.2127254,148,0.38272849462365593
149,413.35141706466675,2.3081072456734155,0.6158492426719795,1.5097519286470829,1687273703.982099,149,0.38467741935483873
150,416.1801290512085,2.3312856489291756,0.6220523463566218,1.4782074375700396,1687273706.810811,150,0.3836693548387097
151,418.78435015678406,2.266026784135129,0.6366524892733434,1.4772247321971035,1687273709.4150321,151,0.3909274193548387
152,421.4966597557068,2.242657016161629,0.654905787248276,1.4051301046088878,1687273712.1273417,152,0.4036290322580645
153,424.1216125488281,2.2597371919421096,0.6308631226987172,1.4768106907128344,1687273714.7522945,153,0.39301075268817204
154,426.95904421806335,2.2563187479171702,0.6944987534310767,1.2355837781389445,1687273717.5897262,154,0.40013440860215055
155,429.6097731590271,2.3363336067126004,0.614810527769016,1.4947036081484204,1687273720.2404552,155,0.3797043010752688
156,432.23367738723755,2.280069447573154,0.6499396667163954,1.3820478190172996,1687273722.8643594,156,0.38823924731182796
157,434.8252041339874,2.310093474263946,0.6573175490718721,1.3626102011667751,1687273725.4558861,157,0.3770833333333333
158,437.38389778137207,2.228622841218146,0.6750368253925081,1.2844576436494897,1687273728.0145798,158,0.396505376344086
159,440.0117151737213,2.178546679636804,0.6449426290200118,1.4358915304022684,1687273730.6423972,159,0.4093413978494624
160,442.9398500919342,2.1971491316874183,0.6396191740727354,1.4251697590842398,1687273733.570532,160,0.41754032258064516
161,445.5597767829895,2.1093842271835572,0.6493217458968651,1.3426186874892452,1687273736.1904588,161,0.4129032258064516
162,448.1786937713623,2.1577157222375436,0.6778952674950615,1.2640759960131611,1687273738.8093758,162,0.4092741935483871
163,450.81631565093994,2.173469385112165,0.6174248130455687,1.4678483699939306,1687273741.4469976,163,0.4103494623655914
164,453.53533816337585,2.093544644854402,0.6678058667688421,1.3028140664584997,1687273744.1660202,164,0.42405913978494625
165,456.11413192749023,2.138570814603759,0.6367586396458331,1.4112387907786113,1687273746.744814,165,0.4026881720430108
166,458.73664927482605,2.0592945868610055,0.6496045983919174,1.3600301145458515,1687273749.3673313,166,0.4280241935483871
167,461.4425995349884,2.1132768751071986,0.6436933683161985,1.393408000135643,1687273752.0732815,167,0.41693548387096774
168,463.95378255844116,2.094391795456089,0.6324720801516883,1.4615835776059958,1687273754.5844646,168,0.41364247311827956
169,466.6320638656616,1.9940297137345038,0.6595958992661973,1.3019932012974533,1687273757.2627459,169,0.4442204301075269
170,469.26441764831543,1.990562358049936,0.6826749967101645,1.2613063494558854,1687273759.8950996,170,0.443010752688172
171,471.95411372184753,2.053179732814271,0.6770718792985632,1.2753018023652407,1687273762.5847957,171,0.42983870967741933
172,474.5664999485016,1.988702308146223,0.6568408262175315,1.3019727380069201,1687273765.197182,172,0.4360215053763441
173,477.3834412097931,2.034867730512414,0.6592912947583924,1.3146545719911615,1687273768.0141232,173,0.4338709677419355
174,480.2243158817291,2.050587201070401,0.652472663579187,1.3962298764843344,1687273770.8549979,174,0.42486559139784946
175,482.85002541542053,1.977838842939305,0.6977188814065155,1.1892993175788256,1687273773.4807074,175,0.4329301075268817
176,485.73460054397583,2.0128852655129728,0.6917384517536533,1.1506037639477282,1687273776.3652825,176,0.4413978494623656
177,488.70594668388367,1.935641029869677,0.6592590678205509,1.2837203944535749,1687273779.3366287,177,0.4573924731182796
178,491.55893778800964,1.9834043032700015,0.6605512131640661,1.28137605085622,1687273782.1896198,178,0.44993279569892475
179,494.08810114860535,1.9597013817038587,0.6633644634986762,1.289483701212839,1687273784.7187831,179,0.44475806451612904
180,496.92805337905884,1.9789879694380748,0.6927639160812106,1.1477156327900537,1687273787.5587354,180,0.4442204301075269
181,499.6225337982178,1.9851297433337858,0.6438858825824343,1.361157699554495,1687273790.2532158,181,0.44670698924731184
182,502.2640573978424,1.9383861567144112,0.7137077322522466,1.1458162825304883,1687273792.8947394,182,0.44946236559139785
183,504.74020648002625,1.9271329006039968,0.674491932292303,1.2009610015359287,1687273795.3708885,183,0.4473790322580645
184,507.3355314731598,1.955918006899376,0.6558324690253272,1.3990888743547867,1687273797.9662135,184,0.440255376344086
185,510.2350718975067,1.964864913804797,0.707328331045224,1.1407389436468223,1687273800.865754,185,0.4551747311827957
186,512.6601939201355,1.96158242906614,0.6047159247673598,1.4890950249809474,1687273803.290876,186,0.434744623655914
187,515.3597929477692,1.9176263809804954,0.6868845813141168,1.1754412324214123,1687273805.990475,187,0.4577284946236559
188,518.3305923938751,1.9727806323157844,0.6927662598055073,1.143775396780411,1687273808.9612744,188,0.45530913978494625
189,520.9957947731018,1.8779996347122936,0.697149711842037,1.1423351571422926,1687273811.6264768,189,0.46559139784946235
190,523.8702900409698,1.8850648642707897,0.6724353101828644,1.256415933893241,1687273814.500972,190,0.4674059139784946
191,526.6498985290527,1.830502824677575,0.6908640067461153,1.1500781741276216,1687273817.2805805,191,0.4750672043010753
192,529.1327819824219,1.86206929373645,0.6242672216899064,1.392069203404787,1687273819.763464,192,0.44946236559139785
193,531.7742800712585,1.8054974633519367,0.66165103607821,1.257383822467221,1687273822.404962,193,0.47681451612903225
194,534.4039824008942,1.8756139593859833,0.7091586540652068,1.0690027208802282,1687273825.0346644,194,0.4549731182795699
195,537.1128551959991,1.8207695095609593,0.6438394970016377,1.3730676970844895,1687273827.7435372,195,0.47647849462365593
196,539.7457251548767,1.7577201753293956,0.6780570214535734,1.2096685455645815,1687273830.3764071,196,0.4790994623655914
197,542.4266793727875,1.7803848326126093,0.6437307266400533,1.350490704328849,1687273833.0573614,197,0.4793010752688172
198,544.9422552585602,1.748978676154248,0.6728512067781127,1.2700304140337988,1687273835.5729373,198,0.4823252688172043
199,547.627748966217,1.7484354544230687,0.6721043677757161,1.2539628961978893,1687273838.258431,199,0.4881720430107527
200,550.3696975708008,1.7320803186946339,0.6809289790444822,1.1585674607350975,1687273841.0003796,200,0.4973790322580645
201,553.0620248317719,1.7868900773746352,0.7148493198374137,1.1022298279106408,1687273843.6927068,201,0.47681451612903225
202,555.5989935398102,1.778169840414037,0.6988559384014392,1.1317382552633646,1687273846.2296755,202,0.4790994623655914
203,558.3479857444763,1.7756615139103384,0.6916674979590528,1.1048438648027532,1687273848.9786677,203,0.47956989247311826
204,561.125426530838,1.7352702735412506,0.6579438159904069,1.2692627529912937,1687273851.7561085,204,0.49274193548387096
205,563.8586757183075,1.760374830575079,0.6921043950761494,1.1068548462605836,1687273854.4893577,205,0.4853494623655914
206,566.5230610370636,1.7063958085472546,0.6449290261546221,1.3244286842358792,1687273857.153743,206,0.4963709677419355
207,569.0598342418671,1.7083323652385383,0.6593842536405863,1.1979964638619511,1687273859.6905162,207,0.48723118279569894
208,571.7403364181519,1.6917613512005216,0.702150793804889,1.1175389432297766,1687273862.3710184,208,0.49731182795698925
209,574.2751588821411,1.6848840738336246,0.7147261443886237,1.0485474967202872,1687273864.9058409,209,0.49428763440860213
210,576.9491817951202,1.7608192578478847,0.657795524602442,1.316302582311353,1687273867.5798638,210,0.48689516129032256
211,579.5788190364838,1.7619662355150907,0.6547045942937605,1.300039926125884,1687273870.209501,211,0.48333333333333334
212,582.1721680164337,1.7130629614756634,0.6695526823102671,1.2859453184381553,1687273872.80285,212,0.49307795698924733
213,585.0011305809021,1.7060236658059782,0.6954539637793087,1.114599295584011,1687273875.6318126,213,0.5068548387096774
214,587.6297807693481,1.702697413282529,0.6763201318822978,1.233394806087477,1687273878.2604628,214,0.4993279569892473
215,590.0719616413116,1.7173031692302996,0.627136372142179,1.380967540646299,1687273880.7026436,215,0.48494623655913977
216,592.7838642597198,1.6540690076647586,0.7119242546688549,1.108903322463538,1687273883.4145463,216,0.5088037634408602
217,595.4223725795746,1.7051261033942944,0.6642552475048523,1.2913215245747938,1687273886.0530546,217,0.4993279569892473
218,597.987007856369,1.7113107777731393,0.7355645139450083,0.9971040627455569,1687273888.6176898,218,0.4995295698924731
219,600.4277782440186,1.6300648852021142,0.7082294716375522,1.0963068601120838,1687273891.0584602,219,0.5033602150537635
220,603.0089564323425,1.617834414685926,0.7003168878669059,1.1084119651568634,1687273893.6396384,220,0.5217069892473118
221,605.5547330379486,1.6437886518936964,0.7255181641424537,1.028893023634668,1687273896.185415,221,0.5108870967741935
222,608.142110824585,1.619583508640688,0.7022796685962465,1.132631296558189,1687273898.7727928,222,0.5166666666666667
223,610.8387062549591,1.5910979905916798,0.7437977679359777,0.9553473519002604,1687273901.4693882,223,0.5230510752688172
224,613.5038733482361,1.5778379499792092,0.6759302727974019,1.1876542030297548,1687273904.1345553,224,0.5278897849462365
225,616.1654856204987,1.6643491780926143,0.7145677015976053,1.0527139725243497,1687273906.7961676,225,0.5071908602150538
226,619.0000858306885,1.6681823600884726,0.7026452840370713,1.0757350810472035,1687273909.6307678,226,0.5092741935483871
227,621.5791602134705,1.6557646409197841,0.6519622686033879,1.2417455509495157,1687273912.2098422,227,0.49361559139784944
228,624.1788177490234,1.6218194256346392,0.7219696139301697,1.0542453064816006,1687273914.8094997,228,0.5096774193548387
229,626.8175728321075,1.6093298024147429,0.7261822923589145,1.0543641453493788,1687273917.4482548,229,0.5146505376344086
230,629.3255071640015,1.6243719608793337,0.6825633464423223,1.1763795207486434,1687273919.9561892,230,0.5098790322580645
231,632.0263414382935,1.6499143725120893,0.6676661122884102,1.2174418332299832,1687273922.6570234,231,0.509744623655914
232,634.5744156837463,1.6326831723212876,0.7348044428803109,0.9609514273213998,1687273925.2050977,232,0.5075940860215054
233,636.7975838184357,1.6458973825098044,0.6767972316642173,1.245855167016272,1687273927.4282658,233,0.49375
234,639.584899187088,1.5884271168740847,0.7704391208975094,0.8340210876937206,1687273930.2155812,234,0.5256048387096774
235,642.2459456920624,1.6408740065751537,0.7356315491823048,1.0235601929659308,1687273932.8766277,235,0.510013440860215
236,644.9162986278534,1.572430374941999,0.7178503272959803,1.0419742632595104,1687273935.5469806,236,0.5234543010752688
237,647.7663242816925,1.5972517766459013,0.7152694803566948,1.0943561558971178,1687273938.3970063,237,0.5133064516129032
238,650.4161043167114,1.5570882940965314,0.7060494382498902,1.0741520002016602,1687273941.0467863,238,0.5288978494623656
239,653.1159343719482,1.5606918849091056,0.7027926094292629,1.1058397296221454,1687273943.7466164,239,0.5335349462365592
240,655.8151345252991,1.5646528044855723,0.680331104889833,1.1669933588470127,1687273946.4458165,240,0.5303763440860215
241,658.5941777229309,1.5802047577916936,0.7111704078952802,1.037935537375316,1687273949.2248597,241,0.5321908602150538
242,661.2364401817322,1.5630872628941972,0.6943127997961044,1.089047034710185,1687273951.8671222,242,0.5259408602150538
243,663.9691302776337,1.5517349898294415,0.7180238684872223,1.0239967101243155,1687273954.5998123,243,0.5327284946236559
244,666.6625790596008,1.5700795179413212,0.6977163751969285,1.122942319881238,1687273957.293261,244,0.5252016129032258
245,669.3813810348511,1.5784339331971702,0.7530533246248983,0.8828515813470619,1687273960.012063,245,0.5283602150537634
246,671.9411940574646,1.6037304040084603,0.6727361859505827,1.143571341659817,1687273962.571876,246,0.5081989247311828
247,674.4202218055725,1.5967531592775417,0.7019001362378454,1.115377066268709,1687273965.0509038,247,0.5061827956989248
248,677.102010011673,1.5276011837826622,0.726770628708606,1.0717932329946795,1687273967.732692,248,0.5343413978494623
249,679.6105914115906,1.513531024617854,0.7203100166363982,1.0546221437250134,1687273970.2412734,249,0.5361559139784946
250,682.2362816333771,1.5541613356921302,0.7558740417357143,0.8997583580046067,1687273972.8669636,250,0.5305779569892473
251,685.1319012641907,1.6182988394772815,0.7345200545781005,1.0703527628127725,1687273975.7625833,251,0.5175403225806452
252,687.9333183765411,1.5644931745344912,0.6879567633307201,1.1050055819606117,1687273978.5640004,252,0.5300403225806452
253,690.49072098732,1.54017926640408,0.7180668253880217,1.0454616407022104,1687273981.121403,253,0.5218413978494624
254,693.0580997467041,1.5276393212217798,0.6957761657305148,1.1101101447385064,1687273983.6887817,254,0.5321908602150538
255,695.7795169353485,1.5685115089860333,0.6924183838525564,1.1206609472307916,1687273986.410199,255,0.524731182795699
256,698.3050532341003,1.5397315285699342,0.6947342891739667,1.1134616229536605,1687273988.9357352,256,0.520228494623656
257,700.7661893367767,1.5649986099251496,0.7041938509560693,1.1061695795724884,1687273991.3968713,257,0.5129032258064516
258,703.3696248531342,1.4605630334987436,0.7351584339347561,0.9609226619472523,1687273994.0003068,258,0.5495295698924731
259,705.9319155216217,1.489682588946595,0.7323458201799344,0.9312244931434248,1687273996.5625975,259,0.5394489247311828
260,708.3829615116119,1.4994474229032313,0.7464609382268362,0.9257696470768486,1687273999.0136435,260,0.5346102150537635
261,710.9336516857147,1.49066197099064,0.7793822551827608,0.8087609572099836,1687274001.5643337,261,0.5374327956989248
262,713.6137235164642,1.477150535931991,0.7377185677063923,0.9584715552129761,1687274004.2444055,262,0.5519489247311828
263,716.296507358551,1.4913202446574967,0.7339454267897838,0.9503402075358703,1687274006.9271894,263,0.5352822580645161
264,718.898115158081,1.4720575582957076,0.7287921210495608,0.9966757805663002,1687274009.5287971,264,0.5395833333333333
265,721.3535840511322,1.4618022056717066,0.7136252057972957,1.0160825449891344,1687274011.984266,265,0.5359543010752689
266,724.098744392395,1.4769568056348832,0.7222602783120415,1.027940289071707,1687274014.7294264,266,0.5480510752688172
267,726.8013005256653,1.5001085049282479,0.7513398065072698,0.8785221351956588,1687274017.4319825,267,0.5341397849462366
268,729.5569980144501,1.4943293103127069,0.7382572668357218,1.015325475959683,1687274020.18768,268,0.5477150537634409
269,732.3713157176971,1.4873087935309897,0.7754281318179236,0.8082195894657149,1687274023.0019977,269,0.5473118279569893
270,735.1244673728943,1.4449410972095305,0.7332421889585724,0.9780827067349904,1687274025.7551494,270,0.5519489247311828
271,737.5740964412689,1.4601955643144024,0.6824450791362018,1.1620236596030824,1687274028.2047784,271,0.5459005376344086
272,740.1997702121735,1.4723774365960591,0.7403217579203135,0.9279114791594976,1687274030.8304522,272,0.5469086021505376
273,742.9747200012207,1.463667259241144,0.7319135376364091,0.9748609934207353,1687274033.605402,273,0.552486559139785
274,745.4965517520905,1.4339214116334915,0.7327052642918752,0.924914383303056,1687274036.1272337,274,0.5618951612903226
275,748.3335340023041,1.490768374654875,0.7680428555350324,0.8397085463943608,1687274038.964216,275,0.5553763440860215
276,750.8903238773346,1.4333905788759391,0.7477712421509535,0.8883939161802796,1687274041.5210059,276,0.5547715053763441
277,753.6320607662201,1.4269402349888478,0.7147609535700902,1.0862586542135957,1687274044.2627428,277,0.563239247311828
278,756.2551958560944,1.409378390679116,0.743615879234764,0.9298057970231387,1687274046.8858778,278,0.5661962365591398
279,759.0025131702423,1.4697542176832274,0.7907486255185777,0.7596683008426309,1687274049.6331952,279,0.5543010752688172
280,761.6954257488251,1.4389891130949861,0.7359229359186328,0.9367892753721812,1687274052.3261077,280,0.5569220430107527
281,764.2968997955322,1.4201996276775997,0.7074307835719936,1.1287566308370984,1687274054.9275818,281,0.5532258064516129
282,766.9638059139252,1.4443216019620497,0.730843192843228,0.9506441988722129,1687274057.594488,282,0.5497983870967742
283,769.8225758075714,1.471207546390673,0.7148564945632316,1.0062449112926086,1687274060.4532578,283,0.5375672043010753
284,772.567524433136,1.4548120388701078,0.7544125156993687,0.8302541870089584,1687274063.1982064,284,0.5554435483870968
285,775.0684223175049,1.4494625201588998,0.6944537025947383,1.176987305023249,1687274065.6991043,285,0.5538306451612903
286,777.5158009529114,1.4376062834134666,0.7253598826183034,1.0012419919080524,1687274068.146483,286,0.548521505376344
287,780.1225237846375,1.4073808455979953,0.7442157576642867,0.9218004782863003,1687274070.7532058,287,0.5616263440860215
288,782.756936788559,1.4252863526544584,0.7598127526863966,0.8358994683557908,1687274073.3876188,288,0.5602822580645161
289,785.4253489971161,1.4323063496380084,0.7659586057313212,0.8388479627908578,1687274076.056031,289,0.5611559139784946
290,788.0051555633545,1.4194569705775189,0.7183838242222695,0.9744497134313193,1687274078.6358376,290,0.5609543010752688
291,790.5578765869141,1.4326774143683974,0.7500892669501047,0.8655842565841626,1687274081.1885586,291,0.5475806451612903
292,793.2014684677124,1.3852433922590428,0.7470314069386673,0.8911437596554187,1687274083.8321505,292,0.5669354838709677
293,795.7995676994324,1.4115250108222808,0.7342222390537254,0.93755304193029,1687274086.4302497,293,0.5521505376344086
294,798.4752178192139,1.4282205808427064,0.7629945308713495,0.8505655624057624,1687274089.1058998,294,0.5536962365591398
295,801.4485554695129,1.430119085566251,0.771186417249098,0.7949438643504516,1687274092.0792375,295,0.5644489247311828
296,804.2155621051788,1.3875850804490588,0.7384578245520395,0.9828943714789602,1687274094.846244,296,0.5696236559139785
297,807.0424575805664,1.3839904835788153,0.7740448001106122,0.7973185915708213,1687274097.6731396,297,0.5735887096774194
298,809.7572336196899,1.3414922118267065,0.7400842095267456,0.9495714852104232,1687274100.3879156,298,0.5800403225806452
299,812.1678988933563,1.4806599248481054,0.7675683766582702,0.8174011952935825,1687274102.798581,299,0.5355510752688172
300,814.6447908878326,1.5042662977250993,0.7549942862528539,0.8691203632562516,1687274105.2754729,300,0.5273521505376344
301,817.3193838596344,1.4156438731338068,0.7409869375722321,0.9434159812002134,1687274107.9500659,301,0.5593413978494624
302,820.0771622657776,1.4077454695417997,0.7171095935329586,1.0495838716346664,1687274110.7078443,302,0.5653225806451613
303,822.4984619617462,1.4454421310895873,0.7271368124945081,0.9666447487900885,1687274113.129144,303,0.5440860215053763
304,825.0942206382751,1.3647336306611215,0.7446006347256262,0.9480627555825901,1687274115.7249026,304,0.5681451612903226
305,827.79443359375,1.4266717949261267,0.7536933287985563,0.8754012526789644,1687274118.4251156,305,0.5601478494623656
306,830.4086332321167,1.3950629461336361,0.7548676556974625,0.8629975645445235,1687274121.0393152,306,0.563508064516129
307,833.0240592956543,1.4015577164508644,0.7392382044492151,0.9399830231500154,1687274123.6547413,307,0.5590725806451613
308,835.94615650177,1.4201183623624265,0.7405369564745773,0.922755203675608,1687274126.5768385,308,0.5639112903225807
309,838.7169320583344,1.3655995656385698,0.7610124334715704,0.8369999432475849,1687274129.347614,309,0.5741935483870968
310,841.5009598731995,1.3954253494739532,0.7314671133708756,1.0094880492444045,1687274132.1316419,310,0.5690860215053763
311,844.381749868393,1.3970359541195374,0.7775075979309939,0.7573442679066359,1687274135.0124319,311,0.5716397849462366
312,847.2405648231506,1.4356597098772244,0.7832850372006803,0.7875048370902418,1687274137.8712468,312,0.5633736559139785
313,850.1084678173065,1.3763836471223703,0.7567785942368157,0.8310983473520969,1687274140.7391498,313,0.5776881720430107
314,852.7383205890656,1.3481355416237988,0.7240064611574277,1.0127936387602248,1687274143.3690026,314,0.573252688172043
315,855.448572397232,1.3893751686298719,0.7751278676085538,0.7824429746558531,1687274146.0792544,315,0.56875
316,858.1994514465332,1.401214874820203,0.7216887306355476,1.0082294171606137,1687274148.8301334,316,0.569758064516129
317,860.9037134647369,1.4011720657869373,0.736459985660846,0.8913689811304264,1687274151.5343955,317,0.5661962365591398
318,863.5500814914703,1.4061075831933687,0.7217709439114027,0.9980967087612609,1687274154.1807635,318,0.5548387096774193
319,866.1407268047333,1.384371197832528,0.6903756820607659,1.0848823021976202,1687274156.7714088,319,0.568010752688172
320,868.6929752826691,1.3498091410384865,0.7687282031016052,0.8625581148507218,1687274159.3236573,320,0.5758736559139785
321,871.0925467014313,1.4223777134051567,0.721899002210428,1.0269355489676097,1687274161.7232287,321,0.5451612903225806
322,873.7592906951904,1.3763998186876696,0.7445198109105482,0.8920377704738417,1687274164.3899727,322,0.5676075268817204
323,876.400577545166,1.3148198729601277,0.7316958440905509,0.9392693015840441,1687274167.0312595,323,0.5844086021505376
324,879.0487232208252,1.3399371237604207,0.7517958867359883,0.8625218038876881,1687274169.6794052,324,0.5780913978494624
325,881.621568441391,1.3276632977549427,0.736142125382851,0.9310595976313871,1687274172.2522504,325,0.5786290322580645
326,884.5319337844849,1.3450857262697913,0.7792171324620248,0.7745916413911679,1687274175.1626158,326,0.5833333333333334
327,887.0715551376343,1.3183590180130416,0.7705754251020294,0.820214991646967,1687274177.7022371,327,0.5843413978494624
328,889.5971188545227,1.2893950087368808,0.7200864344943738,0.9551433836909439,1687274180.2278008,328,0.5911290322580646
329,892.308525800705,1.3230250330381497,0.7363601262807651,0.9713821872520626,1687274182.9392078,329,0.5803091397849462
330,894.8431618213654,1.30414424085569,0.7383100874658289,0.9090770030442519,1687274185.4738438,330,0.5856854838709677
331,897.5327084064484,1.3071598799558737,0.7619776913664394,0.8470240952177205,1687274188.1633904,331,0.5879704301075269
332,902.3442695140839,1.3900253022670426,0.7687674132976801,0.8793119679929469,1687274192.9749515,332,0.5679435483870968
333,905.1730694770813,1.316291320428092,0.7690784124550872,0.7906636528199181,1687274195.8037515,333,0.5856854838709677
334,908.067330121994,1.387302087359531,0.728987847528475,0.9937502161920655,1687274198.698012,334,0.5769489247311828
335,910.700332403183,1.3221841165896064,0.7627339445174441,0.84528568568004,1687274201.3310144,335,0.5789650537634409
336,913.6762154102325,1.314258029614325,0.7572109980867497,0.8739332700494922,1687274204.3068974,336,0.5873655913978495
337,916.571375131607,1.321110638719733,0.7696323378780402,0.8099801317961621,1687274207.2020571,337,0.5875
338,919.1471815109253,1.287234670212192,0.7153700829828524,1.0299892250359965,1687274209.7778635,338,0.5881720430107527
339,922.0027680397034,1.3825290004011763,0.7466513527512808,0.9676755883040684,1687274212.63345,339,0.5689516129032258
340,924.6199970245361,1.2936463622596635,0.69996422187936,1.0773480094123018,1687274215.250679,340,0.5877016129032258
341,927.1484613418579,1.3016878328416297,0.6886655515169962,1.1473167456810427,1687274217.7791433,341,0.5831317204301075
342,929.7751877307892,1.3559688976014495,0.7269312422022298,0.9963147401288606,1687274220.4058697,342,0.5639112903225807
343,932.4544203281403,1.3274327887081971,0.7886327804641637,0.7786241830154109,1687274223.0851023,343,0.5794354838709678
344,935.069052696228,1.2764403001074829,0.7376651803953329,0.9359006595043491,1687274225.6997347,344,0.5922043010752688
345,937.6848690509796,1.2653616751213708,0.7797896240038703,0.8082187110987047,1687274228.315551,345,0.5970430107526882
346,940.4631817340851,1.3076629561362088,0.7635674304001036,0.7899718566764062,1687274231.0938637,346,0.5891129032258065
347,943.1203303337097,1.2657768400786544,0.7396422022673004,0.9205398887666325,1687274233.7510123,347,0.5945564516129033
348,945.9018681049347,1.337436305228821,0.7571265151402334,0.833617224769578,1687274236.53255,348,0.585752688172043
349,948.5665040016174,1.3120342892724821,0.7484351275865351,0.9035902380707915,1687274239.197186,349,0.5778897849462366
350,951.1035540103912,1.3081440457934013,0.7958984072286805,0.7319048234583927,1687274241.734236,350,0.5868951612903226
351,953.6969029903412,1.26827087454618,0.7289149875493826,1.0083872476122029,1687274244.327585,351,0.5942204301075269
352,956.358140707016,1.2895894309165337,0.7691388069690495,0.857947608925907,1687274246.9888227,352,0.589247311827957
353,958.9656674861908,1.3077309954991585,0.736652879289497,0.9060948262053639,1687274249.5963495,353,0.5831989247311828
354,961.7153210639954,1.3208789675726846,0.7377064781913554,0.918953159417941,1687274252.346003,354,0.5813844086021506
355,964.2923085689545,1.3091671739114068,0.731871904147023,0.9539275293480689,1687274254.9229906,355,0.5878360215053764
356,966.9548180103302,1.2813278963108377,0.7803956443709275,0.7375260639822238,1687274257.5855,356,0.592741935483871
357,969.4183962345123,1.3374812704941599,0.7376687505564314,0.9278693501389966,1687274260.0490782,357,0.5690860215053763
358,972.1160798072815,1.2743096108478245,0.7330432922724518,0.9281274134454106,1687274262.7467618,358,0.5903897849462365
359,974.707049369812,1.2899142087847795,0.7362731580455915,0.9329119102677751,1687274265.3377314,359,0.5831989247311828
360,977.4947702884674,1.2827653313976943,0.7991403794728462,0.7033994934516885,1687274268.1254523,360,0.5965725806451613
361,980.0810697078705,1.2561236395730928,0.7517264464442712,0.8642798045601184,1687274270.7117517,361,0.5935483870967742
362,982.667396068573,1.2703946508186799,0.7164177133858451,1.0090989192105728,1687274273.298078,362,0.5936155913978495
363,985.5191361904144,1.298410978118178,0.7687705369122618,0.8074498756472905,1687274276.1498182,363,0.5906586021505377
364,988.1909189224243,1.29802077522962,0.7248598921986166,0.9967909655114573,1687274278.821601,364,0.5945564516129033
365,990.8286204338074,1.2577731265456125,0.787134016258303,0.7611292281374035,1687274281.4593024,365,0.6023521505376344
366,993.8366873264313,1.2945723481055709,0.7391038020022336,0.9494999960279182,1687274284.4673693,366,0.5954301075268817
367,996.4134283065796,1.2860788608430533,0.7186624093992757,0.9741125372568625,1687274287.0441103,367,0.5854838709677419
368,999.0527036190033,1.279658222781314,0.7487794576204723,0.8784473431056528,1687274289.6833856,368,0.5912634408602151
369,1002.0592827796936,1.3343131023869719,0.7677648493285203,0.7936024533552978,1687274292.6899648,369,0.5889784946236559
370,1004.7858786582947,1.2772249901987693,0.7662900468510141,0.8384559427747005,1687274295.4165606,370,0.5930779569892473
371,1007.4513025283813,1.2706193545412632,0.785590709751731,0.7975140358751187,1687274298.0819845,371,0.5966397849462366
372,1010.1285221576691,1.292413248049636,0.7872554616824148,0.7630579400525218,1687274300.7592041,372,0.589247311827957
373,1012.9103333950043,1.3239624234847724,0.7129198436590066,1.0325595758071873,1687274303.5410154,373,0.5840725806451613
374,1015.5269768238068,1.2850989167908988,0.7572687470943404,0.8419736931283444,1687274306.1576588,374,0.5893817204301075
375,1018.1701307296753,1.31519876714916,0.7806943429710069,0.7765465595064676,1687274308.8008127,375,0.5821908602150537
376,1020.9472155570984,1.3421799784065576,0.787894545451141,0.7490720955474686,1687274311.5778975,376,0.5884408602150538
377,1023.6707813739777,1.2709883270504814,0.7527417012291658,0.8732207006309398,1687274314.3014634,377,0.5997983870967742
378,1026.2995088100433,1.2373115273533009,0.7560750436231961,0.8494365572171084,1687274316.9301908,378,0.6011424731182796
379,1028.9863150119781,1.2626869287341833,0.755681458627989,0.870221926908514,1687274319.616997,379,0.6009408602150538
380,1031.548274755478,1.3005390995262212,0.7437643353530385,0.8985500312817545,1687274322.1789567,380,0.5769489247311828
381,1034.1012201309204,1.2363799799594186,0.7655617544474189,0.8487654481413875,1687274324.7319021,381,0.5996639784946236
382,1036.8908619880676,1.2673988662339666,0.7734456842923472,0.827729271813045,1687274327.521544,382,0.5997983870967742
383,1039.6821990013123,1.2617394099793127,0.7807597566388116,0.7865009509150581,1687274330.312881,383,0.5998655913978495
384,1042.283180475235,1.2421698129625731,0.7856306531720451,0.733712496340721,1687274332.9138625,384,0.602755376344086
385,1044.8655042648315,1.2226385178985775,0.7291654419624071,0.9250168584380909,1687274335.4961863,385,0.6033602150537635
386,1047.6670415401459,1.2274497777163502,0.7879364812713062,0.7808219936967957,1687274338.2977235,386,0.6040994623655914
387,1050.2493629455566,1.214051959054765,0.7631883609129291,0.8053618549540765,1687274340.880045,387,0.6059811827956989
388,1052.9561975002289,1.2384711175315803,0.7672032254901228,0.8643737841796364,1687274343.5868795,388,0.6003360215053763
389,1055.7091603279114,1.2356819670587298,0.7302534037340195,0.940932639618022,1687274346.3398423,389,0.603763440860215
390,1058.4875047206879,1.2638276610223036,0.7735046260595562,0.8026455720552429,1687274349.1181867,390,0.6060483870967742
391,1061.2677278518677,1.2166167770322132,0.7714636794173577,0.7605772699586072,1687274351.8984098,391,0.6112231182795699
392,1064.0602385997772,1.2337904619453575,0.7605874343455012,0.8359393120434815,1687274354.6909206,392,0.6060483870967742
393,1067.0430912971497,1.2587821637630783,0.7552733534996872,0.8639866500326712,1687274357.6737733,393,0.6066532258064516
394,1069.6561441421509,1.2220845239397178,0.7595028924556456,0.8910896229585996,1687274360.2868261,394,0.6112231182795699
395,1072.2437591552734,1.2154970854640967,0.7705902730472831,0.8203880320361575,1687274362.8744411,395,0.6074596774193548
396,1074.8441610336304,1.292679698827366,0.758186035653394,0.8512390798251864,1687274365.474843,396,0.5794354838709678
397,1077.546089887619,1.2523026548285958,0.7911055954637207,0.7216039432443685,1687274368.1767719,397,0.6053763440860215
398,1080.2099335193634,1.2245963860543505,0.761927451172624,0.8464712012463845,1687274370.8406155,398,0.6065188172043011
399,1083.0577268600464,1.2352579896568612,0.7474470955628638,0.8774941815069244,1687274373.6884089,399,0.6068548387096774
400,1085.686684370041,1.2456642324004763,0.741373000029692,0.8611540384281506,1687274376.3173664,400,0.6118279569892473
401,1088.3448610305786,1.2310108003877505,0.7244736257518893,1.035789517315597,1687274378.975543,401,0.6047043010752688
402,1090.800392627716,1.2266274832629709,0.7470022017122859,0.9016001152278406,1687274381.4310746,402,0.5986559139784946
403,1093.380738735199,1.2940378648539383,0.7718285412191049,0.8142282631038086,1687274384.0114207,403,0.5794354838709678
404,1095.8591368198395,1.2615728905644787,0.7425846373025736,0.8679149100483821,1687274386.4898188,404,0.5891129032258065
405,1098.7227563858032,1.2146024057761795,0.7873101599970849,0.7358832713165965,1687274389.3534384,405,0.6093413978494624
406,1101.599629163742,1.213185134934642,0.770967412702282,0.7637658716940073,1687274392.2303112,406,0.6096102150537634
407,1104.653478860855,1.2152260526093424,0.7747369581434566,0.8053516418227776,1687274395.2841609,407,0.604233870967742
408,1107.5356125831604,1.2626762621465228,0.7874428868321591,0.7158994002862744,1687274398.1662946,408,0.605241935483871
409,1110.1932501792908,1.2412606061346108,0.7587443763226495,0.8525927301779056,1687274400.8239322,409,0.5967069892473118
410,1112.7917852401733,1.2362174367111536,0.7130506915564986,1.0332570758912636,1687274403.4224672,410,0.6029569892473118
411,1115.587479352951,1.2269448302135433,0.7726948993364491,0.7545853748301894,1687274406.2181613,411,0.6060483870967742
412,1118.1769442558289,1.209922169084831,0.8016269577223272,0.7048832661538302,1687274408.8076262,412,0.609744623655914
413,1120.8748173713684,1.2221510480808955,0.7867879339086901,0.7493854397256897,1687274411.5054994,413,0.6119623655913978
414,1123.576539516449,1.2059504981803637,0.7564044762404669,0.8432354821295066,1687274414.2072215,414,0.6056451612903225
415,1126.5497150421143,1.1969997836176747,0.7633741269124684,0.8670249911152352,1687274417.180397,415,0.6109543010752688
416,1129.158071756363,1.2126695879644924,0.7934899217622755,0.7190265746252441,1687274419.7887537,416,0.6056451612903225
417,1131.7529001235962,1.2247046367014929,0.7441698358603246,0.9286592482895886,1687274422.383582,417,0.5998655913978495
418,1134.3015172481537,1.222838402174974,0.7654606465904232,0.8307586577169321,1687274424.9321992,418,0.600268817204301
419,1137.1338591575623,1.2313286922771924,0.7578894087752928,0.8561090967046432,1687274427.7645411,419,0.6122983870967742
420,1139.9662735462189,1.2133400866321178,0.7617290673916772,0.845815031309732,1687274430.5969555,420,0.6079301075268817
421,1142.9470098018646,1.272180816188695,0.7692005899589442,0.7732873733352104,1687274433.5776918,421,0.6040994623655914
422,1145.6516456604004,1.2131660632308452,0.7782335925193344,0.7940139835488614,1687274436.2823277,422,0.6098118279569893
423,1148.452444076538,1.2683285915002387,0.7810548326854645,0.7805201264557584,1687274439.083126,423,0.5983870967741935
424,1151.1661310195923,1.2505168360107208,0.7637418939107748,0.8921254992680268,1687274441.796813,424,0.6022177419354838
425,1154.2123627662659,1.316026920092202,0.7978686904675332,0.6996377723005974,1687274444.8430448,425,0.5966397849462366
426,1156.9193358421326,1.238726553897704,0.7719300479135803,0.815964656445872,1687274447.5500178,426,0.601747311827957
427,1159.688106060028,1.2259077285366353,0.7859446444796612,0.7779766798447975,1687274450.318788,427,0.6112903225806452
428,1162.3917353153229,1.1725985910443049,0.7605800587636574,0.7883819645504602,1687274453.0224173,428,0.6214381720430108
429,1164.9531989097595,1.1765706843786663,0.7668214689337536,0.8290797708485353,1687274455.583881,429,0.6188844086021505
430,1167.748429775238,1.2117645243102664,0.7550398411942567,0.8561409255775692,1687274458.3791118,430,0.6168010752688172
431,1170.4496371746063,1.2193178144854404,0.756727910704536,0.8703510987198193,1687274461.0803192,431,0.6127688172043011
432,1173.0365235805511,1.1799142482860754,0.7317390222462741,0.9511868780647393,1687274463.6672056,432,0.6169354838709677
433,1175.891457080841,1.2695551814150907,0.7936633267424924,0.7575022921822304,1687274466.522139,433,0.5954301075268817
434,1178.789701461792,1.2750305811203615,0.7190241346831253,0.9999266792226118,1687274469.4203835,434,0.6047043010752688
435,1181.4115254878998,1.234535594020159,0.7849401192633318,0.7507382222212395,1687274472.0422075,435,0.6040322580645161
436,1184.2047877311707,1.230014809687692,0.7616896736285813,0.8369019412583117,1687274474.8354697,436,0.6099462365591398
437,1186.8217949867249,1.2183693830344466,0.804919092536126,0.6788593176278666,1687274477.452477,437,0.6078629032258065
438,1189.4757125377655,1.2046779778695875,0.7769473595013612,0.8029986720239011,1687274480.1063945,438,0.6136424731182796
439,1192.0423245429993,1.190294285695399,0.786285842164953,0.77430623642809,1687274482.6730065,439,0.6112231182795699
440,1194.6712501049042,1.2079663868412696,0.7641543421038836,0.8232590031194821,1687274485.301932,440,0.6125672043010753
441,1197.5170657634735,1.225193583045996,0.7472757893329918,0.8424546791807765,1687274488.1477478,441,0.6095430107526881
442,1200.1731553077698,1.2020085034691679,0.7659909056444676,0.762579967535713,1687274490.8038373,442,0.6046370967741935
443,1202.8130009174347,1.1537466089551647,0.7522168596403109,0.829310827815146,1687274493.443683,443,0.6213709677419355
444,1205.4536890983582,1.1786716302195865,0.7865114625474512,0.7220760636158305,1687274496.084371,444,0.6195564516129032
445,1208.1966578960419,1.2186769377139788,0.7788464395913159,0.7690902273357267,1687274498.82734,445,0.6112903225806452
446,1210.7880818843842,1.2094221687625333,0.7607602581781105,0.8344183835210071,1687274501.4187639,446,0.6047043010752688
447,1213.5686795711517,1.1927438486888204,0.7936183939431114,0.7413231678682659,1687274504.1993616,447,0.6175403225806452
448,1216.3311507701874,1.1675427930169209,0.7442686743040119,0.904761327701566,1687274506.9618328,448,0.6209005376344086
449,1218.8368182182312,1.1484084351248638,0.7827007521436724,0.7483831391360096,1687274509.4675002,449,0.6210349462365592
450,1221.599930524826,1.2324812535637168,0.7627137777830748,0.8530322194820947,1687274512.2306125,450,0.6036290322580645
451,1224.1798005104065,1.1915648597723214,0.7655577501871107,0.8192316811354636,1687274514.8104825,451,0.6103494623655914
452,1226.7239282131195,1.164085333566031,0.7408783568463223,0.9220206969317178,1687274517.3546102,452,0.6194220430107527
453,1229.404037475586,1.1871256944773498,0.7697229975670921,0.7602736420913058,1687274520.0347195,453,0.6153897849462365
454,1232.1299753189087,1.1753300335758956,0.7670941554708364,0.8213782650646941,1687274522.7606573,454,0.6186155913978495
455,1234.8358747959137,1.1746583452788733,0.7533864605901018,0.8829993772393528,1687274525.4665568,455,0.614516129032258
456,1237.3431277275085,1.1688993623560315,0.7681538348620138,0.8544997291374059,1687274527.9738097,456,0.6096102150537634
457,1239.9944477081299,1.169287625590079,0.7835325841804719,0.7523854645092386,1687274530.6251297,457,0.613508064516129
458,1242.688547372818,1.188604589441531,0.7666674787035556,0.8428641196565445,1687274533.3192294,458,0.6129032258064516
459,1245.5019261837006,1.2167280541472538,0.7487740438913726,0.8899198048871699,1687274536.1326082,459,0.6120967741935484
460,1248.3864510059357,1.1881737122712757,0.8238847447467222,0.655720974204405,1687274539.017133,460,0.6192204301075269
461,1251.1164219379425,1.1835611660173664,0.7947722717445348,0.7279621014579173,1687274541.747104,461,0.6211693548387097
462,1253.879631280899,1.2194253353612317,0.8041247341357582,0.720209648340649,1687274544.5103133,462,0.6167338709677419
463,1256.5408737659454,1.1601462116745371,0.7393013984232806,0.955257693811304,1687274547.1715558,463,0.6229166666666667
464,1259.3991498947144,1.1878425816013929,0.8019128849497834,0.7012580897166156,1687274550.029832,464,0.6190188172043011
465,1262.009699344635,1.1667590157018715,0.7736878693499616,0.7710437913258664,1687274552.6403813,465,0.6206317204301075
466,1264.8395652770996,1.2039155253279272,0.7833467023052301,0.7609392275991451,1687274555.4702473,466,0.6182123655913978
467,1267.5453634262085,1.1682430005542213,0.760344787238221,0.8752516180980645,1687274558.1760454,467,0.6236559139784946
468,1270.3483052253723,1.1745696671066745,0.7560792181406224,0.8468194115000264,1687274560.9789872,468,0.6222446236559139
469,1273.0873160362244,1.1527747339318677,0.7897218573381987,0.7231887357107757,1687274563.717998,469,0.6227822580645161
470,1275.771166086197,1.1670635793438202,0.7461926496444194,0.8847375522485363,1687274566.401848,470,0.6200940860215054
471,1278.494797706604,1.1795974178940698,0.7493218720524703,0.8833423969751341,1687274569.1254797,471,0.6178091397849462
472,1281.2620306015015,1.147857968024509,0.784004784704155,0.7292151876688034,1687274571.8927126,472,0.6233198924731183
473,1284.0317735671997,1.1890710566433207,0.7574888420370767,0.7639010268389742,1687274574.6624556,473,0.6163306451612903
474,1286.6069025993347,1.1791376149061548,0.7857305310493158,0.7466039373254768,1687274577.2375846,474,0.6164650537634409
475,1289.423846244812,1.1877776180864663,0.7771084797582686,0.7823563022762096,1687274580.0545282,475,0.6161962365591398
476,1292.18039894104,1.1529462801452766,0.7697827322047142,0.7688202693288841,1687274582.811081,476,0.6249327956989247
477,1294.9154784679413,1.200305893856992,0.7803673580789944,0.7986661454815676,1687274585.5461605,477,0.6154569892473118
478,1297.8833227157593,1.2715853633038618,0.7848282499787906,0.7441997576233079,1687274588.5140047,478,0.6054435483870968
479,1300.6593782901764,1.1877466286182083,0.7669072111842599,0.7747964924552397,1687274591.2900603,479,0.6184139784946237
480,1303.3515086174011,1.183801459238654,0.7682616840701808,0.8175193868712227,1687274593.9821906,480,0.6147177419354839
481,1306.2469840049744,1.248539993008699,0.7937744195127836,0.7304010259711583,1687274596.877666,481,0.6133064516129032
482,1308.9241995811462,1.19047780566278,0.7516343710644885,0.8977387368058938,1687274599.5548816,482,0.6131048387096775
483,1311.76691365242,1.1423008656429667,0.7761946694967986,0.8343141482655956,1687274602.3975956,483,0.6266129032258064
484,1314.5944774150848,1.174139700249158,0.8061987438365259,0.656868158888783,1687274605.2251594,484,0.6198252688172043
485,1317.4169416427612,1.1583119535428141,0.792116574544539,0.7399172139315765,1687274608.0476236,485,0.625268817204301
486,1319.966166973114,1.1741474567767314,0.7458624426728289,0.8236336417564312,1687274610.596849,486,0.6239247311827957
487,1322.5650231838226,1.1704987728147096,0.7923603018629646,0.6850293326587338,1687274613.1957052,487,0.6241263440860215
488,1325.410035610199,1.1878846677781274,0.8060332956291016,0.6864330245369006,1687274616.0407176,488,0.6218413978494624
489,1328.2765672206879,1.1698752000266988,0.7861539944822803,0.7432393645366828,1687274618.9072492,489,0.6246639784946236
490,1330.82550573349,1.1386138094108431,0.775613088752714,0.8542570739283535,1687274621.4561877,490,0.6213037634408602
491,1333.4090702533722,1.1538261174154218,0.7739728749896198,0.7907037565919199,1687274624.0397522,491,0.6186155913978495
492,1336.2470219135284,1.2039697803757203,0.773684306171194,0.7999532101466722,1687274626.877704,492,0.6181451612903226
493,1338.9112606048584,1.156942529563782,0.7866047143633954,0.7977723984739006,1687274629.5419426,493,0.6185483870967742
494,1341.5721650123596,1.1711248447718,0.7486299313890618,0.9025291873442066,1687274632.202847,494,0.61875
495,1344.328518152237,1.1847043260431258,0.8284035544481523,0.5947707715931319,1687274634.9592001,495,0.620766129032258
496,1346.9688239097595,1.1651542020000276,0.7578620144035271,0.8768772846938434,1687274637.599506,496,0.6196236559139785
497,1349.7202696800232,1.158208246853563,0.746495440634426,0.8444083748120825,1687274640.3509517,497,0.6289650537634408
498,1352.4376592636108,1.1348015253622366,0.8006117010255641,0.6727742645401746,1687274643.0683413,498,0.6316532258064517
499,1355.2479875087738,1.1413394161049397,0.7920765801547984,0.686943119656756,1687274645.8786695,499,0.6321236559139785
