,_timestamp,_step,Test/Acc,_runtime,Test/Loss,Train/Acc,Train/Loss
0,1684250197.1810415,0,0.016129032258064516,9.01992654800415,4.134459282121351,0.03291920018477627,4.090512842134701
1,1684250200.2500203,1,0.016129032258064516,12.088905334472656,4.15813912339108,0.0429121262642572,4.017050801112781
2,1684250203.3723373,2,0.016129032258064516,15.211222410202026,4.198399634450994,0.04159535400412717,3.9706644244667735
3,1684250206.3559477,3,0.016129032258064516,18.194832801818848,4.253085440525445,0.05663947963239167,3.8695375487653356
4,1684250209.619201,4,0.021438172043010753,21.458086013793945,4.309150035342863,0.04646819901899974,3.8831535339066163
5,1684250212.6357806,5,0.016129032258064516,24.474665641784668,4.307840236412582,0.04591141226473933,3.8721325970786777
6,1684250215.3675942,6,0.01606182795698925,27.20647931098938,4.338756688499964,0.0486169803531587,3.8016162695018862
7,1684250218.4119444,7,0.016129032258064516,30.250829458236694,4.3336480247077125,0.054156988190109445,3.8288753789779215
8,1684250221.6283545,8,0.016129032258064516,33.46723961830139,4.362656151735655,0.04519475680588492,3.795258998212603
9,1684250224.6821942,9,0.016129032258064516,36.521079301834106,4.35833722000481,0.04676153429515019,3.8202749816483474
10,1684250227.9034708,10,0.01646505376344086,39.742355823516846,4.382579797698606,0.04921088326174987,3.822900272221896
11,1684250231.138238,11,0.016129032258064516,42.97712302207947,4.356766471619247,0.04632028089437241,3.833345171227573
12,1684250234.0926938,12,0.016129032258064516,45.93157887458801,4.4024883031204185,0.04265776388070891,3.784646519759778
13,1684250237.1055079,13,0.016129032258064516,48.944392919540405,4.381421817246304,0.047468867605213384,3.793123118357014
14,1684250240.3444955,14,0.016129032258064516,52.18338060379028,4.408043857864154,0.05377600179313678,3.7815223399226054
15,1684250243.296926,15,0.016129032258064516,55.13581109046936,4.416692204052402,0.041455219794143114,3.79242205000545
16,1684250246.3550801,16,0.016129032258064516,58.1939651966095,4.441889103381865,0.05121911835033107,3.7692499737843703
17,1684250249.1853435,17,0.016129032258064516,61.02422857284546,4.418699448147128,0.043611387533170655,3.803004585679543
18,1684250252.247953,18,0.016868279569892473,64.08683800697327,4.4225769895379266,0.04390366736792885,3.7700743205658305
19,1684250255.1651597,19,0.016868279569892473,67.00404477119446,4.406172847875985,0.0456697802259585,3.7827711506938764
20,1684250258.1761365,20,0.01760752688172043,70.0150215625763,4.433287211643752,0.052675949069582804,3.7450043591056263
21,1684250261.2546146,21,0.02567204301075269,73.09349966049194,4.43855909955117,0.055935130376552435,3.7377643261284037
22,1684250264.3788478,22,0.01700268817204301,76.21773290634155,4.452989348480778,0.04820095125201402,3.752682861883237
23,1684250267.4786186,23,0.016129032258064516,79.3175036907196,4.4409594840259965,0.05458245338915083,3.753867764842674
24,1684250270.7774837,24,0.016129032258064516,82.61636877059937,4.363376951025378,0.051806090852362666,3.848906152261776
25,1684250273.9435985,25,0.016129032258064516,85.78248357772827,4.420310692761534,0.05043359466944523,3.7481643344100752
26,1684250276.762754,26,0.016129032258064516,88.60163903236389,4.4481571630765036,0.0563795409200861,3.7650023955951055
27,1684250279.932079,27,0.016129032258064516,91.7709641456604,4.474908798933029,0.04760231372141101,3.7585166970464137
28,1684250283.1826324,28,0.016129032258064516,95.0215175151825,4.425293253634566,0.05032055481235005,3.8106345050254795
29,1684250286.3414319,29,0.016129032258064516,98.18031692504883,4.453130056781154,0.05936134743943951,3.7367899513805063
30,1684250289.3295717,30,0.016129032258064516,101.16845679283142,4.440631460438492,0.04924803808705444,3.779358899474537
31,1684250292.4226882,31,0.016129032258064516,104.26157331466675,4.473437825518269,0.04945365085561844,3.7652708310565877
32,1684250295.4123504,32,0.016196236559139786,107.2512354850769,4.461093963474355,0.049900309585637764,3.7627063308585837
33,1684250298.438997,33,0.02842741935483871,110.27788209915161,4.493978718275665,0.05677511626507251,3.716130531055395
34,1684250301.8489723,34,0.027755376344086022,113.68785738945007,4.443593460065062,0.05268153246685027,3.7586928032138416
35,1684250304.9131608,35,0.016129032258064516,116.75204586982727,4.488237725791111,0.0508647490155122,3.775972158085689
36,1684250308.154564,36,0.016196236559139786,119.99344897270203,4.494115528239999,0.0638279073147247,3.750308228732666
37,1684250311.3058224,37,0.016129032258064516,123.14470744132996,4.4958914335696925,0.07110415734714595,3.6970233966147292
38,1684250314.3820844,38,0.02056451612903226,126.22096943855286,4.415789344938853,0.04439257404924892,3.7786104659673647
39,1684250317.406006,39,0.03225806451612903,129.244891166687,4.480882927615156,0.057176361265231346,3.7428000969660657
40,1684250320.4355893,40,0.027352150537634408,132.2744743824005,4.481904058687149,0.05829788469705059,3.7370484342434116
41,1684250323.4593194,41,0.026478494623655913,135.29820442199707,4.487440986658937,0.06155814989091233,3.74928381223502
42,1684250326.5240233,42,0.02439516129032258,138.36290836334229,4.4308295515916685,0.05693207437206328,3.7717854445493253
43,1684250329.520379,43,0.016599462365591396,141.35926413536072,4.458090893683895,0.07036259324226327,3.7111661523590542
44,1684250332.7003956,44,0.06081989247311828,144.53928065299988,4.452846658165737,0.06403670758494881,3.722652631487685
45,1684250335.6628475,45,0.016129032258064516,147.50173258781433,4.488379720398175,0.06465038217374157,3.7181926092095425
46,1684250338.6896749,46,0.042741935483870966,150.528559923172,4.42532338442341,0.057364849080441295,3.728153892839795
47,1684250341.7738688,47,0.016599462365591396,153.61275386810303,4.469620575187027,0.05953180681346084,3.7191985812788566
48,1684250344.6527238,48,0.03514784946236559,156.49160885810852,4.400731370013247,0.06589541898617887,3.7423439114261896
49,1684250347.7301457,49,0.016666666666666666,159.56903076171875,4.49851641763923,0.06882513070564969,3.7035230432566406
50,1684250350.5443249,50,0.05282258064516129,162.38320994377136,4.471597234408061,0.07367584725558227,3.699576601949129
51,1684250353.7071557,51,0.04791666666666667,165.54604077339172,4.411590909445158,0.0602357257028114,3.7466427132272884
52,1684250356.9517658,52,0.016263440860215053,168.79065084457397,4.518427037103201,0.06721232642006658,3.6734321322459236
53,1684250359.9216528,53,0.016868279569892473,171.7605378627777,4.52428227086221,0.06742928369626341,3.71381767888645
54,1684250362.8454518,54,0.03393817204301075,174.68433690071106,4.491078940450504,0.06636149444376833,3.7031894271682213
55,1684250365.8155653,55,0.02043010752688172,177.65445041656494,4.471264507501356,0.07108107415184463,3.697098963748855
56,1684250368.8060899,56,0.05147849462365591,180.6449749469757,4.458676260966127,0.08635811406811959,3.6563233352556166
57,1684250371.7917686,57,0.028629032258064516,183.63065361976624,4.4583939076751795,0.06176941429912218,3.659372687592451
58,1684250374.6054866,58,0.050201612903225806,186.44437170028687,4.3592621001505085,0.07022387032278768,3.7120165052418708
59,1684250377.482502,59,0.019018817204301076,189.321387052536,4.453533196962008,0.06827356794026798,3.682992768246644
60,1684250380.6800044,60,0.025201612903225805,192.51888942718506,4.38334592375704,0.06615448004769095,3.716737394145981
61,1684250383.5968535,61,0.03125,195.4357385635376,4.472706792495584,0.07771959158315647,3.683482897684313
62,1684250386.5647163,62,0.029637096774193548,198.40360140800476,4.509897994097843,0.07731347877778477,3.6558880278083152
63,1684250389.5959225,63,0.02950268817204301,201.4348075389862,4.495085895061493,0.06816452602882159,3.6697463732165176
64,1684250392.7541342,64,0.04106182795698925,204.59301924705505,4.483219491217726,0.07827148061464254,3.6558358903158217
65,1684250395.7975597,65,0.018346774193548385,207.6364448070526,4.471147380208456,0.07917296226704634,3.6594805423672256
66,1684250398.789748,66,0.029905913978494625,210.62863302230835,4.443987178546126,0.0650208862307603,3.7239159792020056
67,1684250402.006687,67,0.024731182795698924,213.8455719947815,4.518529203309808,0.07761819158210524,3.6489037709410668
68,1684250405.2602265,68,0.03380376344086022,217.09911155700684,4.518988101072209,0.07640282215732398,3.6385735709751783
69,1684250408.7825255,69,0.030107526881720432,220.62141060829163,4.378080121291581,0.07592694621619098,3.6953246860636213
70,1684250411.649993,70,0.03494623655913978,223.4888780117035,4.451186651504168,0.08330124407256768,3.631775228787871
71,1684250414.9752576,71,0.043010752688172046,226.81414270401,4.495281644405857,0.08746503658394741,3.6499379563244174
72,1684250418.0775733,72,0.07547043010752688,229.9164583683014,4.396235162852912,0.09985762975097216,3.668789259311236
73,1684250421.1188679,73,0.08091397849462366,232.95775294303894,4.4449622031822,0.10107768028198996,3.5961731263429613
74,1684250424.06338,74,0.06545698924731183,235.9022650718689,4.443727259994835,0.08407403320723465,3.6279113520360213
75,1684250427.031754,75,0.0655241935483871,238.87063908576965,4.463411232797048,0.0929032249559892,3.60818370316535
76,1684250429.8913543,76,0.05396505376344086,241.7302393913269,4.400137743001343,0.08314727467456995,3.608657251009661
77,1684250432.9627,77,0.04831989247311828,244.80158495903015,4.4710783926389555,0.10676674206879162,3.5602218099827736
78,1684250436.1298885,78,0.08891129032258065,247.96877360343933,4.375505461487719,0.08510247377191767,3.624496755095115
79,1684250438.9811778,79,0.07143817204301076,250.82006287574768,4.42478974051373,0.10207041857151093,3.533625460281386
80,1684250441.7242203,80,0.04939516129032258,253.56310534477234,4.4404013778573725,0.10585761385270623,3.578631207145835
81,1684250444.66785,81,0.06276881720430108,256.50673508644104,4.4367147036778025,0.11046452152961447,3.5853298763050097
82,1684250447.9992437,82,0.06451612903225806,259.8381288051605,4.374477778070716,0.09008437646481231,3.6211634236078907
83,1684250450.8285282,83,0.07237903225806451,262.6674132347107,4.36103035141063,0.11776186528219687,3.5211567360324594
84,1684250453.6800396,84,0.07634408602150537,265.51892471313477,4.405269132506463,0.1150613094392845,3.5581999077703252
85,1684250456.7060778,85,0.08904569892473119,268.5449628829956,4.37303418658113,0.13134259216898939,3.5109468051575448
86,1684250459.689904,86,0.0678763440860215,271.5287890434265,4.370299089659927,0.11172047928612554,3.5506155092735705
87,1684250462.7831452,87,0.0825268817204301,274.6220302581787,4.3054247854217405,0.13697507168124046,3.482146608549241
88,1684250465.7464402,88,0.08259408602150538,277.58532524108887,4.349124752706097,0.1300979503649236,3.5134053324260877
89,1684250468.8758638,89,0.07513440860215054,280.7147488594055,4.300469923403956,0.11511675969733419,3.6148380097733073
90,1684250472.1519434,90,0.08608870967741936,283.9908285140991,4.387519743173353,0.14087568776742646,3.4623062354102045
91,1684250475.3062859,91,0.06989247311827956,287.14517092704773,4.393141292436148,0.14092171890072222,3.4644166233996203
92,1684250478.3080425,92,0.08125,290.14692759513855,4.345697511908829,0.1446094951838334,3.4270387767447423
93,1684250481.5280216,93,0.08494623655913978,293.3669066429138,4.36580694522909,0.14434269237876118,3.4470658807698484
94,1684250484.6248887,94,0.0935483870967742,296.463773727417,4.275465605399942,0.15303693203203383,3.4639219040713476
95,1684250487.4523242,95,0.09495967741935483,299.29120922088623,4.278219565588941,0.1484852081920325,3.4217395416410126
96,1684250490.7459273,96,0.09717741935483871,302.5848124027252,4.314038218990449,0.16764223536695075,3.3786095455274023
97,1684250493.663272,97,0.10557795698924731,305.50215697288513,4.2792573225113655,0.16416307059908497,3.3705922819237153
98,1684250496.8250031,98,0.09939516129032258,308.6638882160187,4.247735659922323,0.18263369850619918,3.3217687172959627
99,1684250499.933249,99,0.1073252688172043,311.77213406562805,4.217698486261471,0.1682348556187583,3.368166442345089
100,1684250502.7782478,100,0.10987903225806452,314.6171329021454,4.194151522010885,0.18317582993129417,3.319603378339358
101,1684250505.8606608,101,0.11008064516129032,317.6995458602905,4.183236724907352,0.1783194382144247,3.324521268271495
102,1684250508.866828,102,0.11102150537634409,320.70571303367615,4.253934364485485,0.21056215408805318,3.2231500853423505
103,1684250511.89331,103,0.1043010752688172,323.7321951389313,4.310336291469554,0.16451348660939127,3.3504466755584175
104,1684250514.94748,104,0.11008064516129032,326.78636503219604,4.210378005940427,0.1899583315959365,3.2863501280060903
105,1684250518.0647862,105,0.11330645161290323,329.90367126464844,4.19020642420297,0.2167154226561557,3.193793680756002
106,1684250520.8394706,106,0.11216397849462366,332.67835569381714,4.166502720245751,0.23891178216343456,3.206179353200929
107,1684250523.8148963,107,0.10100806451612904,335.653781414032,4.131787662544558,0.21887294683961672,3.205159761897343
108,1684250526.893668,108,0.11673387096774193,338.7325530052185,4.089686536660758,0.20603420379828474,3.2063343501691906
109,1684250529.947353,109,0.1135752688172043,341.7862379550934,4.173219693604336,0.24949982327474068,3.120145679489014
110,1684250533.2661314,110,0.12110215053763441,345.10501646995544,4.133773390964795,0.19470924134939832,3.141157610126018
111,1684250536.4829092,111,0.12379032258064517,348.3217942714691,3.9953423097569454,0.2567103982721822,3.073877182795038
112,1684250539.5843673,112,0.13091397849462366,351.42325234413147,4.078840954329378,0.2346755098511822,3.126912589800709
113,1684250542.473645,113,0.12338709677419354,354.31253004074097,4.131064439973524,0.28454483386343915,3.0114471849717104
114,1684250545.2898672,114,0.1314516129032258,357.1287522315979,4.132334735124342,0.27226566316294754,3.0077041559415085
115,1684250548.6586409,115,0.13548387096774195,360.49752593040466,4.127329782452635,0.22712266122498911,3.085963804316482
116,1684250551.5626318,116,0.12896505376344086,363.4015169143677,4.016124415461735,0.2799847948109259,3.044049165338046
117,1684250554.7908313,117,0.14139784946236558,366.6297163963318,4.073738123780938,0.2658309625066384,2.9923391716130174
118,1684250557.5559025,118,0.13346774193548386,369.39478754997253,4.084113462317374,0.2721915462965047,2.996578826979598
119,1684250560.4958456,119,0.13635752688172043,372.3347306251526,4.031194639462297,0.28661928948971394,2.923055563763701
120,1684250563.702256,120,0.14220430107526882,375.5411410331726,4.073313660198642,0.261789267718415,2.9855700330293695
121,1684250566.6945097,121,0.14986559139784947,378.5333948135376,3.9775383978761654,0.26856606624681556,2.999638407887402
122,1684250569.7583015,122,0.1504032258064516,381.59718656539917,3.96359446708874,0.2811952050744623,2.9655857807499513
123,1684250572.6360722,123,0.14751344086021506,384.4749572277069,3.9358107918693173,0.3017081421133013,2.951057799356462
124,1684250575.704283,124,0.15094086021505376,387.54316806793213,3.9692677474150093,0.27853957056126155,2.880687880848605
125,1684250578.6503007,125,0.15161290322580645,390.4891858100891,3.9924624472536068,0.3038103257106223,2.8888565377700983
126,1684250581.777542,126,0.1532258064516129,393.61642718315125,3.9846787776357386,0.28010696343908714,2.9262302466283066
127,1684250584.6585355,127,0.15342741935483872,396.4974205493927,3.958259000252652,0.3230780889751129,2.806835636032488
128,1684250587.8585236,128,0.1622983870967742,399.69740867614746,3.945048854556135,0.30862916568102405,2.864294662069935
129,1684250590.9180055,129,0.159744623655914,402.7568905353546,3.8789319078768454,0.33674909541702985,2.8052716022713904
130,1684250594.0522923,130,0.16572580645161292,405.8911774158478,3.8983663362200542,0.33508397206813967,2.7850756779649206
131,1684250597.2337968,131,0.16969086021505375,409.0726819038391,3.819291115127584,0.34282296250969624,2.767647001924954
132,1684250600.225111,132,0.16653225806451613,412.06399607658386,3.8665768356733423,0.36878143688094134,2.734363095703614
133,1684250603.3332162,133,0.18561827956989246,415.17210125923157,3.8190902013291597,0.3725794294106814,2.6595564994073886
134,1684250606.6380637,134,0.17533602150537633,418.47694873809814,3.8643857340017953,0.3160279226537458,2.748444417455102
135,1684250609.7117095,135,0.17647849462365592,421.55059456825256,3.8458125306073057,0.3362686952080619,2.69214349414259
136,1684250612.871803,136,0.18528225806451612,424.71068811416626,3.7952863679778193,0.3601347948658798,2.714346897435893
137,1684250616.1216183,137,0.19119623655913978,427.96050333976746,3.7801881631215415,0.3650219991485467,2.6391748207648886
138,1684250618.9461684,138,0.18971774193548388,430.7850534915924,3.8405321541652886,0.34706303619683637,2.6227694558654315
139,1684250621.8963187,139,0.19166666666666668,433.73520374298096,3.7254544913127856,0.3500589551858012,2.6986029930865216
140,1684250624.9104922,140,0.18736559139784947,436.7493772506714,3.764681358811676,0.39405573764995,2.538135535119917
141,1684250627.8886244,141,0.18508064516129033,439.7275094985962,3.777956918042193,0.39746582819333764,2.575203416496272
142,1684250630.872159,142,0.19106182795698926,442.71104407310486,3.6926493430009453,0.39100748341860947,2.5878425520111037
143,1684250633.8857296,143,0.19153225806451613,445.72461462020874,3.792986313181539,0.35669731341090327,2.6229116656158746
144,1684250636.8775425,144,0.19563172043010751,448.716427564621,3.71316683612844,0.36779690618869115,2.6835127315888925
145,1684250640.023396,145,0.20443548387096774,451.86228108406067,3.7068066196416014,0.3776585513819877,2.533567339289233
146,1684250643.0565252,146,0.2028225806451613,454.89541029930115,3.742733609932725,0.3783742073077734,2.534442362991408
147,1684250646.0214229,147,0.1976478494623656,457.8603079319,3.7702090692135597,0.3757848414291892,2.5540509440851
148,1684250648.8598244,148,0.20094086021505375,460.69870948791504,3.6613188831396,0.38425522874660356,2.538401812735254
149,1684250651.7718463,149,0.19986559139784946,463.6107313632965,3.6910257884251174,0.41577553852808613,2.4923035944665783
150,1684250654.6977735,150,0.2088037634408602,466.5366585254669,3.6461032753990543,0.382344557750058,2.5403339181252567
151,1684250657.7439427,151,0.2273521505376344,469.5828278064728,3.5594171606084353,0.39390997334098776,2.4623742393897166
152,1684250660.8424275,152,0.22103494623655914,472.68131256103516,3.6167291912340347,0.42584652743847107,2.442266378808985
153,1684250663.8588417,153,0.21760752688172044,475.697726726532,3.6009083204371954,0.40098742038788693,2.5257842497126157
154,1684250666.837831,154,0.21801075268817205,478.67671608924866,3.554112389843951,0.40986510335880705,2.512916626807244
155,1684250669.9837484,155,0.23568548387096774,481.82263350486755,3.526409748260693,0.4132928490611577,2.4055258313920618
156,1684250673.0535345,156,0.2288978494623656,484.8924195766449,3.542708630202919,0.42327734994766697,2.3665587676019983
157,1684250676.2388968,157,0.22641129032258064,488.0777819156647,3.5537727574507394,0.4291116444288182,2.428233937782319
158,1684250679.2998173,158,0.22862903225806452,491.1387023925781,3.5343987339286396,0.3964974390429633,2.524886949254565
159,1684250682.2884636,159,0.2284274193548387,494.12734866142273,3.4562347169204424,0.4140602826565276,2.4487835953920043
160,1684250685.5439196,160,0.2422715053763441,497.3828046321869,3.465843629772945,0.46543290848778895,2.2631151491489776
161,1684250688.559356,161,0.23393817204301076,500.3982410430908,3.426484167575836,0.43981676259162217,2.406971964546794
162,1684250691.5531378,162,0.23387096774193547,503.3920228481293,3.4326644719287915,0.45125984460708446,2.317889669669871
163,1684250694.574243,163,0.24401881720430108,506.4131281375885,3.475923808672095,0.44019612200872815,2.3003248555078777
164,1684250697.545227,164,0.23870967741935484,509.3841121196747,3.435773160188429,0.4407764121240949,2.378385669170574
165,1684250700.2789502,165,0.23951612903225805,512.1178352832794,3.412066859583701,0.4504230122920917,2.290216481325299
166,1684250703.3283434,166,0.251747311827957,515.1672284603119,3.3646252624770647,0.462854191597049,2.1989598063049227
167,1684250706.2522748,167,0.23870967741935484,518.0911598205566,3.344991708314547,0.46588965341137695,2.2659129765606183
168,1684250709.4861512,168,0.24563172043010753,521.3250362873077,3.369345845073782,0.47054005423517753,2.2303418399218224
169,1684250712.4497974,169,0.25188172043010754,524.2886824607849,3.270317675605897,0.45171734723146556,2.3532617902006283
170,1684250715.6712894,170,0.25416666666666665,527.5101745128632,3.2732618890141927,0.45191278212118347,2.2858663555373084
171,1684250718.651688,171,0.2465725806451613,530.4905731678009,3.3388441096069994,0.44281292396505467,2.3142017440865628
172,1684250721.6818268,172,0.24885752688172044,533.5207118988037,3.3182971599281474,0.4788071794369131,2.224807800613936
173,1684250724.8439324,173,0.26848118279569894,536.6828174591064,3.267288039768896,0.4713308331806821,2.1841449184115462
174,1684250727.5288374,174,0.25053763440860216,539.3677225112915,3.277106726842542,0.4919303012735323,2.216222322423078
175,1684250730.667469,175,0.2694220430107527,542.5063540935516,3.2813411592155375,0.4355523738896153,2.271645716902943
176,1684250733.681347,176,0.26196236559139785,545.520231962204,3.2422395034502913,0.48038683686156797,2.187544484214411
177,1684250736.8861587,177,0.27358870967741933,548.7250437736511,3.219554085404642,0.4816455084963568,2.1688214752358888
178,1684250740.0417926,178,0.2799731182795699,551.8806777000427,3.1821079899867377,0.470095260457055,2.107462873457918
179,1684250742.9369433,179,0.2730510752688172,554.7758283615112,3.15406889204056,0.44527404584453406,2.258964211500944
180,1684250746.2618525,180,0.27352150537634407,558.1007375717163,3.183751559065234,0.45757107313373585,2.221575902617839
181,1684250749.3349788,181,0.2618951612903226,561.1738638877869,3.247131342689196,0.4318939230446575,2.344204746533841
182,1684250752.222223,182,0.25611559139784945,564.0611081123352,3.1537730650555704,0.49386214999989375,2.120051243587425
183,1684250755.3509092,183,0.27560483870967745,567.1897943019867,3.0981835610764,0.47159660916776885,2.1669300637082065
184,1684250758.3885615,184,0.2848790322580645,570.2274465560913,3.074132108399945,0.511129993732745,2.0495172616352058
185,1684250761.5154061,185,0.28084677419354837,573.3542912006378,3.0789985176055663,0.4682965608758087,2.1293140466119405
186,1684250764.4688537,186,0.278494623655914,576.3077387809753,3.0907509546446543,0.5291255017929917,1.9841395929493704
187,1684250767.4614074,187,0.2872983870967742,579.3002924919128,3.0456153901033503,0.5257719961496182,1.9963468963275937
188,1684250770.5998034,188,0.27923387096774194,582.4386885166168,3.1048765222552004,0.5355008289123193,2.022432037685237
189,1684250773.5435226,189,0.28286290322580643,585.3824076652527,3.0537891053063895,0.4999485374934795,2.112153051795524
190,1684250776.5834506,190,0.28568548387096776,588.4223356246948,3.0636952346371067,0.4940600354204331,2.0927945151862177
191,1684250779.6808748,191,0.29448924731182796,591.5197598934174,3.0356732392182915,0.5174518773121185,1.9879025650822926
192,1684250782.5033984,192,0.28030913978494626,594.34228348732,3.01645515666854,0.4776086009337628,2.1407312250420705
193,1684250785.7434275,193,0.30228494623655916,597.5823125839233,3.0164432025724843,0.5435786204471496,1.794515158995105
194,1684250788.9352953,194,0.29731182795698924,600.7741804122925,3.012059909361665,0.5026864316532951,1.9802133094608663
195,1684250791.9756184,195,0.29321236559139785,603.8145034313202,3.031336618206834,0.47999717128903807,2.090855807886715
196,1684250794.840218,196,0.2856182795698925,606.6791031360626,2.9794084450570484,0.46917459343183177,2.2637835118383167
197,1684250798.2068224,197,0.2987231182795699,610.0457074642181,2.9765927483958583,0.5523526172167097,1.8134413441597423
198,1684250801.2456222,198,0.27836021505376346,613.084507226944,3.0058745245138803,0.5329384780752738,1.9259513063655738
199,1684250804.3691852,199,0.31256720430107526,616.2080702781677,2.9030412808861783,0.4750588165557108,2.060286585966409
200,1684250807.3170998,200,0.3102150537634409,619.15598487854,2.909569318095843,0.5099322329403317,1.9541409210905663
201,1684250810.2818627,201,0.3025537634408602,622.1207478046417,2.915740108297717,0.530474217722434,1.9707391560322243
202,1684250813.1837919,202,0.29254032258064516,625.0226769447327,2.919972628835709,0.5062010425453318,2.0356370635579233
203,1684250816.2687929,203,0.3079301075268817,628.107677936554,2.8906239316027653,0.5353653061049309,1.8740514308302436
204,1684250819.2186942,204,0.30752688172043013,631.0575792789459,2.8815753286884678,0.5157009189756077,1.9587789508966176
205,1684250822.3760684,205,0.30356182795698927,634.2149534225464,2.956885857928184,0.504846104487312,1.9932342682468591
206,1684250825.5406022,206,0.3058467741935484,637.3794872760773,2.8611554660463847,0.5236376526388021,1.9577205622807576
207,1684250828.6140049,207,0.309744623655914,640.452889919281,2.8330707787185587,0.549779571050468,1.8684446640716594
208,1684250831.2993317,208,0.2977150537634409,643.1382167339325,2.866065420450703,0.5139865120949201,2.0769941810827492
209,1684250834.3791237,209,0.29549731182795697,646.2180087566376,2.816737790902456,0.566201610935737,1.7940240902135627
210,1684250837.3696334,210,0.31290322580645163,649.2085185050964,2.7517248509071206,0.5209418104361699,1.9635119410037738
211,1684250840.5868962,211,0.31344086021505374,652.42578125,2.7851306377880034,0.525239768502929,1.9237841871314505
212,1684250843.8811283,212,0.3303763440860215,655.7200133800507,2.7473129727827605,0.5154911466130285,1.8783209654850677
213,1684250846.8956828,213,0.3112231182795699,658.7345678806305,2.878958039386298,0.5159828342668912,2.000819924438369
214,1684250850.3101828,214,0.3271505376344086,662.1490678787231,2.8236085096354127,0.5421931169877449,1.8422343618232493
215,1684250853.235831,215,0.3206317204301075,665.074716091156,2.797091293078597,0.5713028737303625,1.73073424678964
216,1684250856.1749353,216,0.31370967741935485,668.0138204097748,2.7597619347995326,0.5367922178035928,1.845938125070933
217,1684250859.37981,217,0.32466397849462364,671.2186951637268,2.7258540967138867,0.5611459087217132,1.819397360034759
218,1684250862.435453,218,0.3239247311827957,674.2743380069733,2.7001466316882,0.5124356898065614,1.8773385509191258
219,1684250865.3396769,219,0.322244623655914,677.1785619258881,2.7388160299229365,0.5218669851179142,1.9066192041983463
220,1684250868.43727,220,0.3024193548387097,680.2761549949646,2.7542587613226264,0.5027473657471578,2.0105848805706956
221,1684250871.8078723,221,0.335752688172043,683.6467573642731,2.6814983882891235,0.5346094682689523,1.785251273892106
222,1684250875.0100076,222,0.3288978494623656,686.8488926887512,2.713381744039956,0.5256517806167101,1.8947703367503084
223,1684250878.1152034,223,0.33958333333333335,689.9540884494781,2.673178865063575,0.5367263303264298,1.8506857947442312
224,1684250880.9198594,224,0.32560483870967744,692.7587444782257,2.6864094686123634,0.5273678501529552,1.9087399339778248
225,1684250883.8938162,225,0.32560483870967744,695.7327013015747,2.6617020951804293,0.550116661581815,1.814272335192726
226,1684250886.6536808,226,0.32674731182795697,698.492565870285,2.655203620272298,0.6245018471542482,1.5958635513649477
227,1684250889.807138,227,0.33487903225806454,701.6460230350494,2.6280984079004615,0.5738257917707013,1.6812813917469658
228,1684250893.050883,228,0.3522177419354839,704.8897681236267,2.5690081955925113,0.5778032190892488,1.6945507793190857
229,1684250895.984365,229,0.3411290322580645,707.8232500553131,2.5745440258454253,0.552923885997695,1.7824050839026042
230,1684250899.1657908,230,0.3444220430107527,711.0046758651733,2.5697917846902723,0.5678853842395646,1.7738762134108392
231,1684250902.3722045,231,0.350739247311828,714.2110896110535,2.5883700118590425,0.5857663221309959,1.6495979517136146
232,1684250905.5398073,232,0.3444220430107527,717.3786923885345,2.5436227130953983,0.5623458435421176,1.7604715836204103
233,1684250908.5823214,233,0.34838709677419355,720.4212064743042,2.540300085339495,0.5676886871501183,1.7268738314271097
234,1684250911.8486433,234,0.34475806451612906,723.6875283718109,2.517034156828798,0.5587808263417378,1.8186373769091915
235,1684250915.07269,235,0.35638440860215054,726.9115750789642,2.510895527979379,0.5569705079693026,1.754897465830804
236,1684250918.141245,236,0.3614247311827957,729.9801299571991,2.4737875549703516,0.6112502525389507,1.592731731407762
237,1684250921.2290564,237,0.3573252688172043,733.0679414272308,2.485953442191565,0.5872901763598034,1.709637633510173
238,1684250924.4734054,238,0.3493279569892473,736.312290430069,2.4921412689070546,0.5369178744788875,1.8976198953716057
239,1684250927.3367019,239,0.3523521505376344,739.175586938858,2.5496367493303875,0.5695228488020729,1.7011217819362403
240,1684250930.2072735,240,0.3282930107526882,742.0461585521698,2.546085505395807,0.5776645970776084,1.6239391850423968
241,1684250933.1718378,241,0.35524193548387095,745.0107228755951,2.506990587679289,0.5521900487114894,1.791483401401003
242,1684250936.3172147,242,0.36283602150537636,748.1560997962952,2.48082029723352,0.6077271929811915,1.5660695284178698
243,1684250939.3940015,243,0.35961021505376345,751.2328865528107,2.4491959023539738,0.5420006561676646,1.7927283414932955
244,1684250942.2828853,244,0.34791666666666665,754.1217703819275,2.4661126881837845,0.5617076218164954,1.7197010794170964
245,1684250945.281829,245,0.35268817204301073,757.1207141876221,2.5251942076670226,0.5851172150448795,1.6727177440168073
246,1684250948.0891097,246,0.3370967741935484,759.9279947280884,2.4902960219049968,0.4943085343690955,2.0079431970096286
247,1684250951.0667343,247,0.35376344086021505,762.9056193828583,2.4446912691477807,0.5749705816745473,1.6956947491517265
248,1684250954.1211128,248,0.36599462365591395,765.9599978923798,2.389397385139619,0.5765050704298047,1.6953110386763819
249,1684250957.3699975,249,0.3645833333333333,769.2088825702667,2.412256737389872,0.5938406943985576,1.6107062918557158
250,1684250960.5616746,250,0.3592741935483871,772.4005596637726,2.4243634974443786,0.5985098302458041,1.615442427519452
251,1684250963.760331,251,0.36740591397849465,775.5992159843445,2.3891920762997803,0.577622489173302,1.6897298347017358
252,1684250966.782995,252,0.369758064516129,778.6218800544739,2.3586859933791624,0.6076120234074908,1.5449764637098125
253,1684250969.800069,253,0.37311827956989246,781.6389541625977,2.3208065130697784,0.6080337366277101,1.5688443915635082
254,1684250972.934953,254,0.379502688172043,784.7738380432129,2.36813864656674,0.5622682888824444,1.641190000153251
255,1684250975.9312134,255,0.3774193548387097,787.7700984477997,2.3593641123784486,0.5572356634805278,1.7582515397001575
256,1684250979.0650747,256,0.38393817204301073,790.9039597511292,2.3417399355801205,0.5971271701683107,1.5915244735392868
257,1684250982.0137599,257,0.364247311827957,793.8526449203491,2.336790723345613,0.5503179174860513,1.777517728093865
258,1684250985.1907663,258,0.3764784946236559,797.0296514034271,2.3593411575401984,0.6066952685520208,1.5673836329295294
259,1684250988.3504155,259,0.3831989247311828,800.1893005371094,2.323336794892306,0.5871821460927575,1.6258090463183539
260,1684250991.3186727,260,0.36673387096774196,803.1575577259064,2.3234734182716696,0.597000112123107,1.5825384013909933
261,1684250994.4054654,261,0.3577284946236559,806.2443504333496,2.3908835575785687,0.6282241756251631,1.4803672530740548
262,1684250997.5016136,262,0.3883064516129032,809.3404986858368,2.2644467151934102,0.6082309294112396,1.5307803931890667
263,1684251000.211363,263,0.4018817204301075,812.0502481460571,2.251367356828464,0.5878229286303243,1.61328036566217
264,1684251003.2957535,264,0.3674731182795699,815.1346385478973,2.2991091423137213,0.5648435127815576,1.682314041065128
265,1684251006.3159049,265,0.38568548387096774,818.1547899246216,2.2797029311618497,0.6636945693053539,1.361213753492325
266,1684251009.5575387,266,0.4010752688172043,821.3964238166809,2.2401772340138755,0.626038007826246,1.4619765716334387
267,1684251012.3652368,267,0.38938172043010755,824.2041218280792,2.2368177146680894,0.6142479700792481,1.4907679092409851
268,1684251015.2718365,268,0.39038978494623655,827.1107215881348,2.2504927012869107,0.5936735680005114,1.617024987857868
269,1684251018.3948734,269,0.3961693548387097,830.2337584495544,2.232217502209448,0.5771409693123262,1.6654237471741884
270,1684251021.273518,270,0.38924731182795697,833.1124031543732,2.2325127671162286,0.6275485899222064,1.4292037348723527
271,1684251024.5970938,271,0.39986559139784944,836.4359788894653,2.246222335164265,0.5979486517477801,1.5488586342980128
272,1684251027.4220593,272,0.385752688172043,839.2609443664551,2.23956040605422,0.6155472886358673,1.5504236545091958
273,1684251030.50241,273,0.3977822580645161,842.341295003891,2.222116622873532,0.6156559112532827,1.5370916926023264
274,1684251033.442552,274,0.3911290322580645,845.2814371585846,2.2010675263340755,0.6115477412535978,1.563732313342755
275,1684251036.7953222,275,0.40208333333333335,848.6342072486877,2.2136971115745525,0.600481264967558,1.5007998322809126
276,1684251039.8131297,276,0.3907258064516129,851.6520147323608,2.1945475959970104,0.6399111745606334,1.4322702768131266
277,1684251043.0350947,277,0.39751344086021506,854.8739798069,2.2334359428414734,0.6270017153395436,1.437451973987764
278,1684251045.904444,278,0.37446236559139784,857.7433290481567,2.252057874875684,0.6335808416153517,1.4484279786980898
279,1684251049.0159178,279,0.40463709677419357,860.8548028469086,2.199968801470854,0.5938066953047836,1.5672792641249944
280,1684251052.2532477,280,0.3928763440860215,864.092132806778,2.2264792090782555,0.6331421573032293,1.4279728224289936
281,1684251055.3661299,281,0.4053763440860215,867.2050149440765,2.151853862949597,0.6027701051284484,1.4973346655816304
282,1684251058.45547,282,0.4016801075268817,870.2943551540375,2.147892792859385,0.6087422314404347,1.5142297514911727
283,1684251061.4759922,283,0.40080645161290324,873.3148772716522,2.166990138510222,0.6594971420011693,1.348945788435047
284,1684251064.641831,284,0.4143817204301075,876.4807159900665,2.147193357989352,0.6037939579433743,1.5153580802239748
285,1684251067.7634294,285,0.40470430107526884,879.6023144721985,2.1538152051388577,0.6615729778518245,1.3137086554603723
286,1684251070.5913036,286,0.398252688172043,882.4301886558533,2.1422503085867053,0.5996967478484627,1.5431575326656222
287,1684251073.4153018,287,0.3991263440860215,885.2541868686676,2.109867815368919,0.6361912425033325,1.445998415266329
288,1684251076.446019,288,0.4067204301075269,888.2849040031433,2.175231678191052,0.6355338857456835,1.457506901970596
289,1684251079.6935382,289,0.41451612903225804,891.5324232578278,2.1320875769340866,0.620062191052747,1.4500157861298326
290,1684251082.492421,290,0.41821236559139785,894.3313059806824,2.102101808594119,0.6068311132006,1.5062993566839054
291,1684251085.566383,291,0.426747311827957,897.4052679538727,2.0595561227490826,0.6385617864659616,1.4013537521576034
292,1684251088.601821,292,0.4093413978494624,900.4407060146332,2.088154844859595,0.6093548261421813,1.564362649427248
293,1684251091.693824,293,0.4172715053763441,903.5327091217041,2.073243903697178,0.5961729835020197,1.5561643156172433
294,1684251094.5662072,294,0.40618279569892474,906.4050922393799,2.078081031640371,0.6163985613918663,1.5239886657822908
295,1684251097.4957724,295,0.4040994623655914,909.3346574306488,2.1266804734865823,0.6128587212843748,1.4873235439278183
296,1684251100.417008,296,0.42405913978494625,912.2558929920197,2.041910946449285,0.6130944935179043,1.521778783813117
297,1684251103.4639192,297,0.4338037634408602,915.3028042316437,2.085610746375976,0.5924679189842441,1.5349764854636399
298,1684251106.431479,298,0.4238575268817204,918.2703640460968,2.058850901501794,0.6135210232964766,1.4205186663951144
299,1684251109.7533982,299,0.4260752688172043,921.5922832489014,2.1019782082688425,0.6428261241278915,1.359859651914831
300,1684251112.6631234,300,0.41196236559139787,924.5020084381104,2.0673955087700198,0.5872383086018264,1.643119022967295
301,1684251115.707291,301,0.42553763440860215,927.5461759567261,2.042965194070211,0.6431372411690924,1.3867355405782695
302,1684251118.5007038,302,0.4143817204301075,930.3395888805389,2.096778618872807,0.6136149336805026,1.4904917246461828
303,1684251121.4412327,303,0.3967741935483871,933.2801177501678,2.0876117475250715,0.6168750831146477,1.4578709473902751
304,1684251124.5261557,304,0.422244623655914,936.3650407791138,2.066558772517789,0.6328147976860061,1.4336189950709204
305,1684251127.6172588,305,0.4368951612903226,939.4561438560486,1.9751375703721918,0.6562311962591926,1.275375576337313
306,1684251130.5897417,306,0.4324596774193548,942.4286267757416,2.0092885612800555,0.6101237361424076,1.5267869076855105
307,1684251133.4287152,307,0.43514784946236557,945.2676002979279,2.01599932950671,0.6072175013227996,1.520588750267848
308,1684251136.2871108,308,0.41364247311827956,948.1259958744049,2.0407402726911728,0.6424240116142464,1.42579427872329
309,1684251139.506308,309,0.4439516129032258,951.3451931476593,1.9987622404931693,0.6270662122692683,1.4275595401666683
310,1684251142.6061037,310,0.43696236559139784,954.4449887275696,1.9968954023494516,0.6470490538208129,1.3644804574775282
311,1684251145.5782247,311,0.4243279569892473,957.4171097278595,1.9939877961271553,0.6328347838007342,1.4075645741559661
312,1684251148.4312518,312,0.43111559139784944,960.2701368331909,2.0010751413722194,0.6302235853196864,1.4033866797827748
313,1684251151.485438,313,0.43333333333333335,963.3243231773376,2.000540438358502,0.6449719103625663,1.3756308160464576
314,1684251154.5621371,314,0.43998655913978496,966.401022195816,1.9644033646871966,0.6053354777990841,1.5100753476255355
315,1684251157.3930087,315,0.41821236559139785,969.2318937778473,1.9992232400403227,0.5835017824458152,1.5785346965483518
316,1684251160.5581944,316,0.44133064516129034,972.3970794677734,1.960770143937039,0.6279582018192715,1.408923671356626
317,1684251163.6193297,317,0.4307795698924731,975.4582147598267,1.9794830882581331,0.656755668161171,1.3098596334549708
318,1684251166.6273816,318,0.4373655913978495,978.4662666320801,1.9474425650732492,0.6614644720558536,1.2542989404880938
319,1684251169.7885034,319,0.45907258064516127,981.6273884773254,1.8999467527353635,0.6711409693577569,1.2548168206642096
320,1684251172.8603559,320,0.43844086021505374,984.6992409229279,2.0158871246441716,0.6522810505627721,1.299544604705102
321,1684251175.8210518,321,0.4389784946236559,987.6599369049072,1.973384281560298,0.6085869265614596,1.4692269845224006
322,1684251178.643644,322,0.4401209677419355,990.4825291633606,1.9281197328080413,0.6384500950202956,1.3508459436597764
323,1684251181.773729,323,0.44516129032258067,993.6126141548157,1.9277076255730403,0.6251344081844079,1.3509214453049783
324,1684251184.7242496,324,0.45141129032258065,996.5631346702576,1.9514181789371274,0.620362443842774,1.4093687515029605
325,1684251187.776699,325,0.4547715053763441,999.6155841350555,1.9201754968493217,0.6387545928332443,1.372568715855118
326,1684251190.89089,326,0.4484543010752688,1002.7297749519348,1.9732375942891645,0.6304641930472966,1.3947742738913216
327,1684251193.9997454,327,0.45369623655913977,1005.838630437851,1.9260627853293573,0.6298553750952275,1.4410347114242699
328,1684251196.9052536,328,0.4331317204301075,1008.7441387176514,1.9410706386771253,0.5893662421375725,1.5630067086136745
329,1684251200.0179996,329,0.45631720430107525,1011.8568847179413,1.915471096112523,0.62229971752355,1.4346281201594606
330,1684251202.9532409,330,0.44946236559139785,1014.7921259403229,1.9096491272731493,0.6427766552411815,1.3491186843511946
331,1684251205.9030075,331,0.44717741935483873,1017.7418925762177,1.9178673812458593,0.6074572312949148,1.4356301558961662
332,1684251209.002795,332,0.459005376344086,1020.8416800498962,1.8893734403355147,0.6398272579105011,1.3665720640871153
333,1684251212.2048087,333,0.4522849462365591,1024.043693780899,1.944689971625164,0.6461303089856545,1.3746063121392134
334,1684251215.2812378,334,0.43870967741935485,1027.120122909546,1.9137928213483544,0.6603467974859869,1.2693058221254225
335,1684251218.3194807,335,0.4644489247311828,1030.158365726471,1.846710700421564,0.6567598686900219,1.3013278094054193
336,1684251221.141619,336,0.43514784946236557,1032.9805040359497,1.9158973794791005,0.655073072558088,1.366948905631506
337,1684251224.2485387,337,0.4615591397849462,1036.0874238014221,1.8565556018423008,0.6693216542244714,1.2557001274818975
338,1684251227.2985141,338,0.46115591397849465,1039.1373991966248,1.8713387481627926,0.6196624002593772,1.4014607613752914
339,1684251230.1722915,339,0.43528225806451615,1042.0111765861511,1.9179196929739368,0.6620013381626247,1.256159356169553
340,1684251233.030096,340,0.460752688172043,1044.8689811229706,1.8455957381795811,0.6455355570893727,1.2922865324290662
341,1684251236.4406426,341,0.45383064516129035,1048.2795276641846,1.8744046680869595,0.6599201491980236,1.241284549086012
342,1684251239.385996,342,0.4678763440860215,1051.2248811721802,1.8109312633513122,0.6428679444510734,1.2882946111437348
343,1684251242.3708835,343,0.4639784946236559,1054.2097685337067,1.8319357798625064,0.650674843176265,1.3692177354804322
344,1684251245.465066,344,0.46559139784946235,1057.3039510250092,1.842897074677611,0.6267927366900401,1.3704395384504893
345,1684251248.3363402,345,0.4594758064516129,1060.1752252578735,1.8388234507492793,0.6605718522564615,1.2839767468006023
346,1684251251.3710783,346,0.46673387096774194,1063.2099633216858,1.8477130980901821,0.623524214313909,1.4141350909846833
347,1684251254.5843453,347,0.4558467741935484,1066.4232304096222,1.8637571980555852,0.6455317810821095,1.3415870760453381
348,1684251257.6591792,348,0.44489247311827956,1069.4980642795563,1.861268201662648,0.629406236901531,1.3899495299046087
349,1684251260.816283,349,0.473991935483871,1072.655168056488,1.7953229486461608,0.6651015193358926,1.290480702070457
350,1684251263.9676962,350,0.464247311827957,1075.8065812587738,1.8375321589009737,0.6463955972553165,1.333069005241407
351,1684251267.0540466,351,0.4672715053763441,1078.8929316997528,1.828462894405088,0.6471978184722175,1.2796813685549069
352,1684251269.933265,352,0.4657930107526882,1081.7721500396729,1.8261734479537575,0.6561779960907043,1.2754945124087802
353,1684251272.6815324,353,0.453494623655914,1084.5204174518585,1.8176090069996413,0.6405986570218871,1.4062492474690629
354,1684251275.7402508,354,0.4698924731182796,1087.5791358947754,1.7976784179768255,0.6454637434385884,1.352944355876003
355,1684251278.7521625,355,0.4730510752688172,1090.5910475254059,1.7891714541662125,0.6269781288564131,1.4669326304043309
356,1684251281.7558699,356,0.4709005376344086,1093.594754934311,1.7920955142346762,0.6421205808339501,1.354406195927884
357,1684251284.859075,357,0.4797715053763441,1096.697960138321,1.7866866228881704,0.646034940606947,1.2912168287502568
358,1684251288.087784,358,0.475,1099.9266691207886,1.8234285504747463,0.679679831559931,1.2372848944660202
359,1684251290.9351966,359,0.46834677419354837,1102.7740817070007,1.8009991177147435,0.605687558740174,1.4497187457338339
360,1684251294.1286845,360,0.479502688172043,1105.9675695896149,1.7865526690598457,0.6301052389937382,1.3243227601312941
361,1684251297.107066,361,0.47634408602150535,1108.9459509849548,1.7913712243879996,0.6421353777820131,1.284231408316288
362,1684251300.1785545,362,0.47318548387096776,1112.0174396038055,1.8215349505665481,0.6538581922428898,1.3418508913052574
363,1684251303.4069881,363,0.4762768817204301,1115.2458732128143,1.787054457090875,0.6454539490109859,1.3700696458061343
364,1684251306.5742064,364,0.471505376344086,1118.4130914211273,1.8237425464616026,0.66749503064582,1.2532001077016397
365,1684251309.8049874,365,0.4723790322580645,1121.643872499466,1.8256254164922623,0.6703330024560304,1.2020968776204872
366,1684251312.684571,366,0.47795698924731184,1124.5234560966492,1.7888748102611112,0.6901222093336514,1.1888488431359847
367,1684251315.5915334,367,0.48245967741935486,1127.4304184913635,1.7879138913366102,0.677477092634802,1.2495858499886698
368,1684251318.2619538,368,0.44751344086021505,1130.1008388996124,1.8125681512618577,0.6670340148175751,1.1910137496950306
369,1684251321.364487,369,0.478494623655914,1133.203372001648,1.808587430465606,0.6541173006626833,1.2340313290853575
370,1684251324.483836,370,0.48870967741935484,1136.322721004486,1.7506985604282348,0.6709966392593969,1.1588279924736753
371,1684251327.49823,371,0.4788306451612903,1139.3371150493622,1.779594691450237,0.6717635002099398,1.3097190378241057
372,1684251330.83631,372,0.49428763440860213,1142.675194978714,1.7256852321086391,0.6733624374284369,1.2342975246614656
373,1684251334.2681715,373,0.47358870967741934,1146.1070566177368,1.8002071345365176,0.6736398779521744,1.197610595419413
374,1684251337.396318,374,0.4915322580645161,1149.2352030277252,1.7314099452348166,0.6840979921702303,1.207930822865786
375,1684251340.4094965,375,0.47708333333333336,1152.248381614685,1.7625946892044877,0.6356167763372866,1.35438582158949
376,1684251343.4079564,376,0.4938172043010753,1155.246841430664,1.7135321570019568,0.5777134651380125,1.6492110554353006
377,1684251346.2653813,377,0.46915322580645163,1158.1042664051056,1.7595267215723633,0.622368256898183,1.4306680351843777
378,1684251349.5686712,378,0.48528225806451614,1161.407556295395,1.7661204901273533,0.6627593672855718,1.2159927221572056
379,1684251352.525035,379,0.4685483870967742,1164.3639199733734,1.7809934532770546,0.636605193835547,1.3036941538744418
380,1684251355.7171957,380,0.48951612903225805,1167.5560808181763,1.7591232147107843,0.6839856795978579,1.2414803437463555
381,1684251358.9273882,381,0.49018817204301074,1170.7662732601166,1.7299378949307627,0.6767875946128251,1.2740064199511967
382,1684251361.8293726,382,0.4988575268817204,1173.6682577133179,1.6675201361217806,0.7081261035085363,1.0914271338698438
383,1684251365.0031424,383,0.4948252688172043,1176.842027425766,1.757407821714878,0.6743888593841262,1.1871130241150434
384,1684251368.288678,384,0.4907258064516129,1180.1275629997253,1.7204596546067987,0.6641286968357358,1.2119336935935174
385,1684251371.2337937,385,0.4956989247311828,1183.0726788043976,1.6981128112122577,0.6649680692474028,1.260365730475713
386,1684251374.1123757,386,0.5023521505376344,1185.95126080513,1.676623880382507,0.6921734408304496,1.1737611880753327
387,1684251377.1795266,387,0.48501344086021503,1189.0184116363525,1.7441832774108457,0.6722301746034008,1.2238701934113538
388,1684251380.5410903,388,0.49294354838709675,1192.3799753189087,1.741364532420712,0.6835341657536994,1.1822534931503792
389,1684251383.5893364,389,0.48380376344086023,1195.428221464157,1.7295334803000573,0.6428245036931586,1.304509772016742
390,1684251386.8286972,390,0.5008736559139785,1198.6675822734833,1.6925260761892924,0.6788303712503712,1.1854959446392324
391,1684251389.7005305,391,0.5012768817204301,1201.5394155979156,1.665771045431655,0.6869416865954221,1.1381891685867163
392,1684251392.606707,392,0.5112903225806451,1204.4455921649933,1.6312928304717105,0.649296137843438,1.310028135416566
393,1684251395.5474424,393,0.498252688172043,1207.3863275051117,1.6778405630780804,0.7020110523065298,1.133175146978605
394,1684251398.7530162,394,0.5008736559139785,1210.5919013023376,1.6942752763949416,0.6965184998282515,1.130639063955252
395,1684251401.5739143,395,0.49388440860215055,1213.412799358368,1.6823720241426139,0.646577267297452,1.3051959243143365
396,1684251404.67351,396,0.5014112903225807,1216.512395143509,1.6459694817181556,0.6454498507100661,1.3054891288589787
397,1684251407.6263907,397,0.4974462365591398,1219.4652757644653,1.650227090844544,0.6906467429635308,1.175553205971229
398,1684251410.6603565,398,0.5116263440860215,1222.4992415904999,1.651105354309723,0.6467354056406144,1.2910354880442194
399,1684251413.8145165,399,0.5155241935483871,1225.6534016132355,1.641535391730647,0.6770466186597907,1.1748109679105805
400,1684251416.7704399,400,0.5103494623655914,1228.6093249320984,1.6291603259341692,0.662815086457188,1.1925380615815828
401,1684251419.8290675,401,0.5211021505376344,1231.6679525375366,1.596758745931169,0.7022022715485079,1.1153610713614608
402,1684251422.8759878,402,0.5176075268817204,1234.7148728370667,1.6040964588042228,0.6614218923618124,1.2447842734858656
403,1684251425.8967664,403,0.5179435483870968,1237.7356514930725,1.6123187808740524,0.7091053925034889,1.0368702748670922
404,1684251428.8948941,404,0.5158602150537634,1240.7337791919708,1.6216243098499954,0.7050421846666313,1.038286083070909
405,1684251431.8169765,405,0.5214381720430108,1243.6558616161346,1.5801292243663982,0.6839546822925611,1.1847185799980975
406,1684251434.8215024,406,0.5005376344086021,1246.6603875160217,1.6965830084136737,0.6389679370586329,1.2732711538826142
407,1684251438.0289555,407,0.5195564516129032,1249.8678405284882,1.6142324521656959,0.6731094944823315,1.1463339449687147
408,1684251441.0963938,408,0.5149193548387097,1252.935278892517,1.599085856589579,0.7048345231301345,1.1073436851430731
409,1684251444.362234,409,0.5119623655913978,1256.201119184494,1.6344377307962346,0.6687656593444933,1.2700923149033585
410,1684251447.2859318,410,0.5202956989247312,1259.1248168945312,1.5838743908110486,0.7106454713604508,1.1453845173122947
411,1684251450.3415463,411,0.514986559139785,1262.1804313659668,1.5910250635877732,0.722955406606963,1.058853658523476
412,1684251453.301624,412,0.5147849462365591,1265.1405091285706,1.5864863782640426,0.6881888288734327,1.1423758055484339
413,1684251456.4654276,413,0.5143145161290322,1268.3043127059937,1.6233393622822658,0.6589790597563553,1.287230833433857
414,1684251459.5809455,414,0.5076612903225807,1271.4198305606842,1.6360534838931535,0.6817438462647387,1.1662393370322983
415,1684251462.6419227,415,0.5128360215053763,1274.4808077812195,1.6265012897470945,0.6725965939164965,1.2650929396947628
416,1684251465.6379561,416,0.5170698924731183,1277.476841211319,1.5975325900700785,0.6096888482780813,1.6090568424136358
417,1684251468.7324953,417,0.5115591397849463,1280.5713803768158,1.635591766206167,0.6771732353543222,1.1299475133420942
418,1684251471.9748404,418,0.4915322580645161,1283.8137254714966,1.719363601858257,0.6664299049983933,1.224803183011805
419,1684251475.1630645,419,0.509005376344086,1287.0019495487213,1.6403719361430855,0.647182437351845,1.3440175899540852
420,1684251478.1847465,420,0.517271505376344,1290.0236315727234,1.640224689838066,0.6894158016710319,1.147782183976411
421,1684251481.079004,421,0.5154569892473119,1292.9178891181946,1.619137984930828,0.6723369318368226,1.2156923638956676
422,1684251484.0313513,422,0.5231854838709677,1295.8702363967896,1.592072294123711,0.6967756935041912,1.1145542616519242
423,1684251487.079832,423,0.5176075268817204,1298.9187171459198,1.6097265356170234,0.693248666340662,1.1613362852534415
424,1684251489.8616867,424,0.5133064516129032,1301.7005717754364,1.591098313209831,0.7001356602055938,1.1084093191129825
425,1684251492.7695396,425,0.5353494623655914,1304.6084246635437,1.5352675581491122,0.7271241483555542,1.0336323059798012
426,1684251496.1813524,426,0.5307795698924731,1308.0202374458313,1.5755374078308382,0.7088223346309845,1.0882401948323677
427,1684251498.9755125,427,0.5029569892473118,1310.814397573471,1.6276446778767852,0.6605312316801445,1.2301353559089154
428,1684251502.0587163,428,0.5223790322580645,1313.897601366043,1.572217516520972,0.7140164803676308,1.0251496266133933
429,1684251505.4212952,429,0.520766129032258,1317.260180234909,1.6042136256733248,0.7050893230584201,1.0458421093790111
430,1684251508.4956179,430,0.5243951612903226,1320.3345029354095,1.5710450936389226,0.708589495927306,1.116193536343226
431,1684251511.8963978,431,0.534744623655914,1323.7352828979492,1.575422412605696,0.691050500941454,1.171470060798805
432,1684251514.6825848,432,0.5216397849462365,1326.5214698314667,1.566335742431943,0.665736544836087,1.2326190805890804
433,1684251517.669685,433,0.4963037634408602,1329.5085699558258,1.6242987184274582,0.6641565213226923,1.2557550120347836
434,1684251520.465828,434,0.5215725806451613,1332.304713010788,1.5735500905943174,0.6516367960310259,1.3357583375039872
435,1684251523.7634451,435,0.5199596774193549,1335.6023302078247,1.6392698259924048,0.6897800350279988,1.0973077630552042
436,1684251526.8717797,436,0.5053091397849462,1338.7106647491455,1.6670388559340148,0.6967727288531711,1.1278622543847887
437,1684251529.8411133,437,0.5278897849462365,1341.6799983978271,1.5507530836809067,0.6935601613950333,1.1358612542786684
438,1684251532.9452145,438,0.5200268817204301,1344.7840995788574,1.60368066785797,0.7134705813032715,1.0331705509999947
439,1684251535.8342762,439,0.5020161290322581,1347.6731612682343,1.6128881814018372,0.6626384364479319,1.2975597728105772
440,1684251538.5781672,440,0.5044354838709677,1350.417052268982,1.6043914371440489,0.6960608942103643,1.0980279570228628
441,1684251541.680648,441,0.5188844086021506,1353.5195331573486,1.586052751989775,0.671134785201444,1.248560633217317
442,1684251544.7906375,442,0.5211021505376344,1356.629522562027,1.5637044310569763,0.682162260099916,1.1609173470317444
443,1684251547.9123359,443,0.5352150537634408,1359.7512209415436,1.52774610634773,0.6931366022958999,1.1070501458523898
444,1684251550.8372064,444,0.5299059139784946,1362.6760914325714,1.534229539735343,0.6888261157525339,1.147876526148248
445,1684251553.8579853,445,0.5255376344086021,1365.6968703269958,1.5428216301145092,0.7108144036682165,1.1359692195646702
446,1684251556.8038206,446,0.5350134408602151,1368.6427056789398,1.5084562950557279,0.6678563988037266,1.1903948200337517
447,1684251560.0281477,447,0.5393817204301076,1371.8670327663422,1.5360940887482577,0.6974653056770957,1.1297619567795718
448,1684251563.0127814,448,0.5225806451612903,1374.8516664505005,1.5910885537503867,0.7002661440883331,1.0569606471703377
449,1684251566.2725,449,0.525,1378.1113851070404,1.5453466490632104,0.6772263428243079,1.1415123817525665
450,1684251569.2597322,450,0.5414650537634409,1381.0986173152924,1.4938627717796193,0.6953882427592416,1.105471543537397
451,1684251571.948041,451,0.5249327956989247,1383.7869260311127,1.5251067453013953,0.7129379336227271,1.0154339735706128
452,1684251574.8312936,452,0.5330645161290323,1386.6701786518097,1.5147595837391832,0.6784295893090109,1.2259100996013395
453,1684251577.8414786,453,0.5321236559139785,1389.6803636550903,1.533071717427623,0.6658334085557162,1.1709505495268764
454,1684251580.8122602,454,0.5409274193548387,1392.6511452198029,1.49145100874606,0.6754239798128436,1.1572315656413736
455,1684251583.918953,455,0.5426075268817204,1395.757838010788,1.491246876537159,0.703999730804938,1.068564650099158
456,1684251587.1860569,456,0.5279569892473118,1399.0249419212341,1.5673849368768353,0.7449692030478932,0.95752362641791
457,1684251590.1945498,457,0.5258064516129032,1402.033434867859,1.5698426676693784,0.6928803505017057,1.1508982101466771
458,1684251592.9831345,458,0.5262768817204301,1404.8220195770264,1.541580698502961,0.7021890810226488,1.0904732523345895
459,1684251595.9382749,459,0.5393817204301076,1407.7771599292755,1.485640963078827,0.6828180488098419,1.165421112553403
460,1684251598.9591749,460,0.5389784946236559,1410.7980599403381,1.5004686616281027,0.7206103956741979,1.003312497094833
461,1684251601.8245378,461,0.5512096774193549,1413.6634228229523,1.4607794554002824,0.7160071355796787,1.067743088720616
462,1684251605.061946,462,0.5476478494623656,1416.9008309841156,1.4941533561996234,0.7339359556323454,0.9793726496069111
463,1684251607.9193296,463,0.542271505376344,1419.758214712143,1.4871672379073275,0.699121569272281,1.0980755135998606
464,1684251611.0841737,464,0.5424731182795699,1422.9230587482452,1.5006566251157432,0.7309811538597486,1.006400207241253
465,1684251614.0392535,465,0.541733870967742,1425.8781385421753,1.4800283758230106,0.6932910915249251,1.1346580488728741
466,1684251616.966475,466,0.5429435483870968,1428.8053600788116,1.4784078084493195,0.7067165652869849,1.0465528589008581
467,1684251620.0134113,467,0.5435483870967742,1431.8522963523865,1.5049274080302766,0.7068675004527444,1.0801445081635548
468,1684251622.9831388,468,0.5383064516129032,1434.8220238685608,1.5016186220511314,0.701020758400726,1.0505090748012116
469,1684251625.8380702,469,0.5413306451612904,1437.6769552230835,1.4888011736254538,0.7140260660655594,1.035258702912029
470,1684251628.68964,470,0.5340725806451613,1440.5285251140594,1.5015408547334774,0.6956544683328917,1.1491423292351395
471,1684251631.6869247,471,0.5450268817204301,1443.525809764862,1.4928054151035124,0.7027986696711771,1.085250630589406
472,1684251634.6893039,472,0.5448252688172043,1446.528188943863,1.4827418506786387,0.6902983054981167,1.1146623869013728
473,1684251637.640761,473,0.5464381720430107,1449.4796459674835,1.4810894313518719,0.6461743134959066,1.2877126062767448
474,1684251640.6957932,474,0.5336693548387097,1452.534678220749,1.5170321433294205,0.6839441651278905,1.1968897410881723
475,1684251643.8214984,475,0.5428763440860215,1455.6603834629059,1.498981656887198,0.7390963157606392,1.0072757216561414
476,1684251646.9407256,476,0.5436827956989247,1458.77961063385,1.5111048340957651,0.7401058356143235,0.9668925666746068
477,1684251649.8545372,477,0.5481182795698925,1461.6934223175049,1.4815334504650486,0.6923844422914632,1.1362020892400113
478,1684251652.8927906,478,0.5381048387096774,1464.7316756248474,1.5024351017769946,0.7096068906266747,1.1047006860720487
479,1684251656.121871,479,0.5543010752688172,1467.9607560634613,1.4348220816382797,0.722353101514228,1.0160318726999085
480,1684251659.0507545,480,0.5448924731182796,1470.8896396160126,1.480074563734634,0.6783959911504459,1.1689561389116683
481,1684251661.8432684,481,0.527016129032258,1473.6821534633636,1.5088354264215758,0.719017143743783,1.0973764653251559
482,1684251664.8919675,482,0.5481182795698925,1476.7308526039124,1.4701958079972575,0.6769766424872803,1.2704053554984942
483,1684251667.9267552,483,0.5440188172043011,1479.765640258789,1.5059885164742828,0.7198471595551965,1.0399288170433423
484,1684251670.7279553,484,0.5376344086021505,1482.5668404102325,1.4752445102378886,0.6823141876347953,1.152636228203546
485,1684251673.6817672,485,0.5411962365591397,1485.520652294159,1.4704043692959252,0.723909305105091,0.9998715827124451
486,1684251676.6048665,486,0.5381048387096774,1488.4437515735626,1.4764833946221618,0.7055608880540829,1.0386506840089347
487,1684251679.3974783,487,0.5354166666666667,1491.2363634109497,1.4896712350428745,0.7029278635469078,1.1130275178214495
488,1684251682.5323734,488,0.5531586021505376,1494.3712584972382,1.44222594877725,0.7058205992502334,1.0618193346092535
489,1684251685.3878837,489,0.5490591397849462,1497.226768732071,1.4585117202212092,0.7249091033381494,0.9966469596129253
490,1684251688.4658697,490,0.5422043010752688,1500.3047547340393,1.4886278141570348,0.7361185618750915,0.9508212290193431
491,1684251691.7781618,491,0.5450940860215053,1503.6170468330383,1.4851817281175685,0.7044725033741458,1.063828074406334
492,1684251694.4561512,492,0.5396505376344086,1506.295036315918,1.4758253670347634,0.6517960655577397,1.2984508095578702
493,1684251697.492646,493,0.5422043010752688,1509.331531047821,1.4873964227335428,0.7117364694472815,1.0564954182349395
494,1684251700.3188305,494,0.5442876344086022,1512.1577155590057,1.4648326004064212,0.677510394176686,1.1783378287601294
495,1684251703.27326,495,0.5528225806451613,1515.1121451854706,1.433619400666606,0.6882587017488762,1.0895463353794501
496,1684251706.5907066,496,0.5544354838709677,1518.4295916557312,1.4522214553128647,0.7471888535159377,0.9235530721138246
497,1684251709.7283254,497,0.5504032258064516,1521.5672104358673,1.428703027106421,0.7003222886608974,1.0982792116882458
498,1684251712.542109,498,0.5358198924731182,1524.3809940814972,1.4818913242829743,0.6680243959784086,1.2910266580881777
499,1684251715.7527277,499,0.5522177419354839,1527.591612815857,1.4879383879002703,0.7602188499552022,0.8620483700414846
